image_id,file_path,split,scenario,lighting,robot_task,label,annotator_id,capture_date,camera_id,width,height,blur_score,is_occluded,bbox_area_ratio
img_00000,/mnt/data/optimus_vision_dataset_pipeline/data/raw/images/img_00000.png,train,warehouse,mixed,walk,walk,ann_01,2026-01-06,cam_b,256,256,103.992,False,0.33
img_00001,/mnt/data/optimus_vision_dataset_pipeline/data/raw/images/img_00001.png,train,factory_floor,mixed,lift,lift,ann_08,2026-02-07,cam_c,256,256,1374.956,False,0.323
img_00002,/mnt/data/optimus_vision_dataset_pipeline/data/raw/images/img_00002.png,val,warehouse,bright,reach,reach,ann_06,2026-02-24,cam_c,256,256,92.391,False,0.133
img_00003,/mnt/data/optimus_vision_dataset_pipeline/data/raw/images/img_00003.png,val,lab,bright,reach,,ann_06,2026-02-06,cam_c,256,256,116.917,False,0.411
img_00001,/mnt/data/optimus_vision_dataset_pipeline/data/raw/images/img_00004.png,train,warehouse,bright,lift,lift,ann_07,2026-01-18,cam_c,256,256,946.311,False,0.415
img_00005,/mnt/data/optimus_vision_dataset_pipeline/data/raw/images/missing_img.png,train,lab,bright,sit,sit,ann_03,2026-02-04,cam_b,256,256,683.46,False,0.171
img_00006,/mnt/data/optimus_vision_dataset_pipeline/data/raw/images/img_00006.png,train,factory_floor,dim,lift,lift,ann_01,2026-01-15,cam_b,256,256,5.0,False,0.298
img_00007,/mnt/data/optimus_vision_dataset_pipeline/data/raw/images/img_00007.png,train,lab,dim,walk,walk,ann_08,2026-01-26,cam_b,256,256,516.714,False,0.01
img_00008,/mnt/data/optimus_vision_dataset_pipeline/data/raw/images/img_00008.png,train,factory_floor,dim,sit,sit,ann_07,2026-01-24,cam_a,256,256,643.426,False,0.263
img_00009,/mnt/data/optimus_vision_dataset_pipeline/data/raw/images/img_00009.png,train,factory_floor,mixed,lift,lift,ann_07,2026-02-08,cam_b,256,256,864.993,False,0.373
img_00010,/mnt/data/optimus_vision_dataset_pipeline/data/raw/images/img_00010.png,val,outdoor_test,dim,walk,walk,ann_02,2026-02-13,cam_c,256,256,381.772,False,0.41
img_00011,/mnt/data/optimus_vision_dataset_pipeline/data/raw/images/img_00011.png,train,lab,mixed,inspect,inspect,ann_05,2026-02-02,cam_b,256,256,709.638,False,0.134
img_00012,/mnt/data/optimus_vision_dataset_pipeline/data/raw/images/img_00012.png,test,warehouse,mixed,lift,lift,ann_01,2026-02-08,cam_b,256,256,863.578,False,0.132
img_00013,/mnt/data/optimus_vision_dataset_pipeline/data/raw/images/img_00013.png,train,outdoor_test,bright,reach,reach,ann_04,2026-02-26,cam_a,256,256,1023.228,False,0.363
img_00014,/mnt/data/optimus_vision_dataset_pipeline/data/raw/images/img_00014.png,val,warehouse,bright,inspect,inspect,ann_03,2026-02-12,cam_c,256,256,1460.264,False,0.413
img_00015,/mnt/data/optimus_vision_dataset_pipeline/data/raw/images/img_00015.png,test,factory_floor,dim,sit,sit,ann_04,2026-02-15,cam_c,256,256,726.67,False,0.152
img_00016,/mnt/data/optimus_vision_dataset_pipeline/data/raw/images/img_00016.png,train,outdoor_test,mixed,reach,reach,ann_02,2026-01-22,cam_c,256,256,811.545,False,0.256
img_00017,/mnt/data/optimus_vision_dataset_pipeline/data/raw/images/img_00017.png,train,factory_floor,mixed,walk,walk,ann_04,2026-01-18,cam_a,256,256,190.355,True,0.295
img_00018,/mnt/data/optimus_vision_dataset_pipeline/data/raw/images/img_00018.png,test,factory_floor,mixed,sit,sit,ann_04,2026-01-07,cam_a,256,256,1209.396,False,0.163
img_00019,/mnt/data/optimus_vision_dataset_pipeline/data/raw/images/img_00019.png,val,outdoor_test,dim,walk,walk,ann_02,2026-01-16,cam_b,256,256,18.707,False,0.328
img_00020,/mnt/data/optimus_vision_dataset_pipeline/data/raw/images/img_00020.png,train,factory_floor,mixed,lift,lift,ann_02,2026-01-29,cam_b,256,256,976.962,False,0.175
img_00021,/mnt/data/optimus_vision_dataset_pipeline/data/raw/images/img_00021.png,test,warehouse,bright,inspect,inspect,ann_08,2026-01-31,cam_c,256,256,1042.045,False,0.409
img_00022,/mnt/data/optimus_vision_dataset_pipeline/data/raw/images/img_00022.png,val,outdoor_test,bright,lift,lift,ann_08,2026-01-10,cam_a,256,256,1226.381,True,0.213
img_00023,/mnt/data/optimus_vision_dataset_pipeline/data/raw/images/img_00023.png,test,lab,bright,lift,lift,ann_03,2026-01-04,cam_a,256,256,62.042,False,0.101
img_00024,/mnt/data/optimus_vision_dataset_pipeline/data/raw/images/img_00024.png,test,warehouse,bright,inspect,inspect,ann_01,2026-02-09,cam_a,256,256,62.191,True,0.373
img_00025,/mnt/data/optimus_vision_dataset_pipeline/data/raw/images/img_00025.png,test,outdoor_test,mixed,walk,walk,ann_06,2026-01-16,cam_c,256,256,887.928,False,0.398
img_00026,/mnt/data/optimus_vision_dataset_pipeline/data/raw/images/img_00026.png,train,outdoor_test,bright,reach,reach,ann_02,2026-01-05,cam_c,256,256,39.411,False,0.396
img_00027,/mnt/data/optimus_vision_dataset_pipeline/data/raw/images/img_00027.png,train,factory_floor,mixed,inspect,inspect,ann_03,2026-01-29,cam_b,256,256,1063.863,False,0.379
img_00028,/mnt/data/optimus_vision_dataset_pipeline/data/raw/images/img_00028.png,test,lab,mixed,inspect,inspect,ann_05,2026-01-08,cam_c,256,256,1047.034,True,0.358
img_00029,/mnt/data/optimus_vision_dataset_pipeline/data/raw/images/img_00029.png,test,factory_floor,dim,walk,walk,ann_05,2026-02-27,cam_b,256,256,527.126,False,0.197
img_00030,/mnt/data/optimus_vision_dataset_pipeline/data/raw/images/img_00030.png,train,warehouse,mixed,walk,walk,ann_08,2026-02-05,cam_b,256,256,738.726,True,0.193
img_00031,/mnt/data/optimus_vision_dataset_pipeline/data/raw/images/img_00031.png,train,warehouse,bright,sit,sit,ann_03,2026-01-03,cam_a,256,256,1295.454,False,0.364
img_00032,/mnt/data/optimus_vision_dataset_pipeline/data/raw/images/img_00032.png,train,lab,bright,reach,reach,ann_07,2026-02-09,cam_b,256,256,981.154,False,0.307
img_00033,/mnt/data/optimus_vision_dataset_pipeline/data/raw/images/img_00033.png,val,factory_floor,bright,lift,lift,ann_04,2026-01-18,cam_a,256,256,993.479,True,0.33
img_00034,/mnt/data/optimus_vision_dataset_pipeline/data/raw/images/img_00034.png,val,warehouse,dim,lift,lift,ann_04,2026-01-15,cam_a,256,256,692.938,False,0.358
img_00035,/mnt/data/optimus_vision_dataset_pipeline/data/raw/images/img_00035.png,train,factory_floor,dim,walk,walk,ann_07,2026-02-13,cam_b,256,256,540.447,False,0.409
img_00036,/mnt/data/optimus_vision_dataset_pipeline/data/raw/images/img_00036.png,train,lab,bright,inspect,inspect,ann_07,2026-02-08,cam_a,256,256,67.142,True,0.407
img_00037,/mnt/data/optimus_vision_dataset_pipeline/data/raw/images/img_00037.png,train,warehouse,dim,inspect,inspect,ann_04,2026-01-24,cam_c,256,256,428.262,False,0.321
img_00038,/mnt/data/optimus_vision_dataset_pipeline/data/raw/images/img_00038.png,test,warehouse,mixed,sit,sit,ann_07,2026-01-21,cam_b,256,256,985.187,False,0.368
img_00039,/mnt/data/optimus_vision_dataset_pipeline/data/raw/images/img_00039.png,train,lab,mixed,sit,sit,ann_05,2026-01-26,cam_a,256,256,780.609,False,0.4
img_00040,/mnt/data/optimus_vision_dataset_pipeline/data/raw/images/img_00040.png,train,warehouse,dim,inspect,inspect,ann_08,2026-02-13,cam_b,256,256,644.818,False,0.277
img_00041,/mnt/data/optimus_vision_dataset_pipeline/data/raw/images/img_00041.png,train,outdoor_test,mixed,lift,lift,ann_04,2026-02-13,cam_a,256,256,30.548,False,0.306
img_00042,/mnt/data/optimus_vision_dataset_pipeline/data/raw/images/img_00042.png,train,factory_floor,bright,reach,reach,ann_04,2026-02-15,cam_a,256,256,694.663,True,0.415
img_00043,/mnt/data/optimus_vision_dataset_pipeline/data/raw/images/img_00043.png,train,outdoor_test,dim,sit,sit,ann_04,2026-01-12,cam_a,256,256,437.874,False,0.082
img_00044,/mnt/data/optimus_vision_dataset_pipeline/data/raw/images/img_00044.png,train,outdoor_test,bright,inspect,inspect,ann_06,2026-03-02,cam_c,256,256,928.426,False,0.121
img_00045,/mnt/data/optimus_vision_dataset_pipeline/data/raw/images/img_00045.png,train,outdoor_test,mixed,sit,sit,ann_05,2026-02-19,cam_b,256,256,956.444,False,0.241
img_00046,/mnt/data/optimus_vision_dataset_pipeline/data/raw/images/img_00046.png,train,outdoor_test,mixed,inspect,inspect,ann_06,2026-02-27,cam_a,256,256,1057.768,False,0.323
img_00047,/mnt/data/optimus_vision_dataset_pipeline/data/raw/images/img_00047.png,train,warehouse,bright,inspect,inspect,ann_08,2026-01-27,cam_a,256,256,83.663,False,0.132
img_00048,/mnt/data/optimus_vision_dataset_pipeline/data/raw/images/img_00048.png,test,factory_floor,dim,walk,walk,ann_06,2026-01-20,cam_b,256,256,610.005,False,0.087
img_00049,/mnt/data/optimus_vision_dataset_pipeline/data/raw/images/img_00049.png,test,outdoor_test,mixed,sit,sit,ann_07,2026-02-01,cam_c,256,256,1235.281,False,0.385
img_00050,/mnt/data/optimus_vision_dataset_pipeline/data/raw/images/img_00050.png,val,outdoor_test,dim,walk,walk,ann_01,2026-02-28,cam_c,256,256,452.262,False,0.366
img_00051,/mnt/data/optimus_vision_dataset_pipeline/data/raw/images/img_00051.png,val,warehouse,bright,sit,sit,ann_08,2026-01-21,cam_c,256,256,663.567,True,0.237
img_00052,/mnt/data/optimus_vision_dataset_pipeline/data/raw/images/img_00052.png,train,outdoor_test,dim,reach,reach,ann_04,2026-02-11,cam_b,256,256,19.45,False,0.24
img_00053,/mnt/data/optimus_vision_dataset_pipeline/data/raw/images/img_00053.png,train,warehouse,bright,walk,walk,ann_02,2026-02-06,cam_a,256,256,907.143,False,0.291
img_00054,/mnt/data/optimus_vision_dataset_pipeline/data/raw/images/img_00054.png,train,outdoor_test,mixed,lift,lift,ann_02,2026-02-07,cam_b,256,256,834.134,True,0.286
img_00055,/mnt/data/optimus_vision_dataset_pipeline/data/raw/images/img_00055.png,val,lab,mixed,walk,walk,ann_04,2026-01-07,cam_c,256,256,677.558,False,0.323
img_00056,/mnt/data/optimus_vision_dataset_pipeline/data/raw/images/img_00056.png,train,warehouse,mixed,reach,reach,ann_06,2026-01-01,cam_a,256,256,741.441,False,0.305
img_00057,/mnt/data/optimus_vision_dataset_pipeline/data/raw/images/img_00057.png,train,outdoor_test,bright,sit,sit,ann_05,2026-02-09,cam_b,256,256,835.122,False,0.362
img_00058,/mnt/data/optimus_vision_dataset_pipeline/data/raw/images/img_00058.png,test,outdoor_test,dim,inspect,inspect,ann_08,2026-01-16,cam_b,256,256,489.133,False,0.37
img_00059,/mnt/data/optimus_vision_dataset_pipeline/data/raw/images/img_00059.png,val,outdoor_test,dim,sit,sit,ann_05,2026-01-22,cam_a,256,256,507.057,False,0.142
img_00060,/mnt/data/optimus_vision_dataset_pipeline/data/raw/images/img_00060.png,test,lab,mixed,reach,reach,ann_04,2026-02-14,cam_a,256,256,1042.958,False,0.109
img_00061,/mnt/data/optimus_vision_dataset_pipeline/data/raw/images/img_00061.png,train,outdoor_test,dim,sit,sit,ann_06,2026-01-31,cam_a,256,256,526.855,False,0.217
img_00062,/mnt/data/optimus_vision_dataset_pipeline/data/raw/images/img_00062.png,test,lab,dim,inspect,inspect,ann_04,2026-01-08,cam_c,256,256,564.625,False,0.319
img_00063,/mnt/data/optimus_vision_dataset_pipeline/data/raw/images/img_00063.png,test,lab,bright,lift,lift,ann_08,2026-01-18,cam_c,256,256,833.615,False,0.315
img_00064,/mnt/data/optimus_vision_dataset_pipeline/data/raw/images/img_00064.png,train,lab,bright,inspect,inspect,ann_03,2026-01-18,cam_a,256,256,717.708,False,0.141
img_00065,/mnt/data/optimus_vision_dataset_pipeline/data/raw/images/img_00065.png,train,warehouse,mixed,walk,walk,ann_05,2026-01-31,cam_b,256,256,766.229,False,0.336
img_00066,/mnt/data/optimus_vision_dataset_pipeline/data/raw/images/img_00066.png,train,outdoor_test,dim,sit,sit,ann_07,2026-02-01,cam_a,256,256,443.944,False,0.373
img_00067,/mnt/data/optimus_vision_dataset_pipeline/data/raw/images/img_00067.png,test,warehouse,bright,walk,walk,ann_04,2026-02-19,cam_a,256,256,37.247,False,0.109
img_00068,/mnt/data/optimus_vision_dataset_pipeline/data/raw/images/img_00068.png,train,outdoor_test,dim,inspect,inspect,ann_01,2026-02-09,cam_b,256,256,646.337,False,0.417
img_00069,/mnt/data/optimus_vision_dataset_pipeline/data/raw/images/img_00069.png,train,factory_floor,mixed,walk,walk,ann_03,2026-01-01,cam_a,256,256,849.777,False,0.133
img_00070,/mnt/data/optimus_vision_dataset_pipeline/data/raw/images/img_00070.png,val,outdoor_test,mixed,sit,sit,ann_08,2026-01-05,cam_c,256,256,983.726,False,0.159
img_00071,/mnt/data/optimus_vision_dataset_pipeline/data/raw/images/img_00071.png,train,lab,mixed,lift,lift,ann_03,2026-01-05,cam_c,256,256,791.532,False,0.265
img_00072,/mnt/data/optimus_vision_dataset_pipeline/data/raw/images/img_00072.png,test,factory_floor,dim,walk,walk,ann_07,2026-03-02,cam_c,256,256,668.099,False,0.229
img_00073,/mnt/data/optimus_vision_dataset_pipeline/data/raw/images/img_00073.png,test,outdoor_test,dim,reach,reach,ann_04,2026-02-13,cam_a,256,256,565.32,True,0.227
img_00074,/mnt/data/optimus_vision_dataset_pipeline/data/raw/images/img_00074.png,test,warehouse,mixed,inspect,inspect,ann_03,2026-02-07,cam_b,256,256,1315.107,True,0.337
img_00075,/mnt/data/optimus_vision_dataset_pipeline/data/raw/images/img_00075.png,train,outdoor_test,bright,sit,sit,ann_06,2026-01-27,cam_b,256,256,785.843,False,0.189
img_00076,/mnt/data/optimus_vision_dataset_pipeline/data/raw/images/img_00076.png,test,lab,mixed,sit,sit,ann_01,2026-02-12,cam_b,256,256,872.488,True,0.11
img_00077,/mnt/data/optimus_vision_dataset_pipeline/data/raw/images/img_00077.png,train,outdoor_test,dim,inspect,inspect,ann_01,2026-01-14,cam_a,256,256,798.447,False,0.292
img_00078,/mnt/data/optimus_vision_dataset_pipeline/data/raw/images/img_00078.png,val,factory_floor,dim,reach,reach,ann_01,2026-02-05,cam_b,256,256,512.951,True,0.411
img_00079,/mnt/data/optimus_vision_dataset_pipeline/data/raw/images/img_00079.png,val,warehouse,bright,sit,sit,ann_05,2026-02-02,cam_a,256,256,820.951,False,0.3
img_00080,/mnt/data/optimus_vision_dataset_pipeline/data/raw/images/img_00080.png,train,outdoor_test,dim,reach,reach,ann_03,2026-02-25,cam_b,256,256,499.766,False,0.129
img_00081,/mnt/data/optimus_vision_dataset_pipeline/data/raw/images/img_00081.png,test,lab,dim,walk,walk,ann_08,2026-02-25,cam_b,256,256,504.292,False,0.081
img_00082,/mnt/data/optimus_vision_dataset_pipeline/data/raw/images/img_00082.png,train,outdoor_test,mixed,lift,lift,ann_06,2026-02-25,cam_b,256,256,1151.844,False,0.339
img_00083,/mnt/data/optimus_vision_dataset_pipeline/data/raw/images/img_00083.png,train,factory_floor,mixed,lift,lift,ann_07,2026-01-25,cam_b,256,256,1064.798,False,0.22
img_00084,/mnt/data/optimus_vision_dataset_pipeline/data/raw/images/img_00084.png,test,outdoor_test,bright,lift,lift,ann_08,2026-01-07,cam_a,256,256,806.933,False,0.193
img_00085,/mnt/data/optimus_vision_dataset_pipeline/data/raw/images/img_00085.png,train,outdoor_test,bright,inspect,inspect,ann_05,2026-01-22,cam_c,256,256,34.907,False,0.303
img_00086,/mnt/data/optimus_vision_dataset_pipeline/data/raw/images/img_00086.png,train,outdoor_test,mixed,inspect,inspect,ann_08,2026-02-25,cam_a,256,256,1250.311,False,0.372
img_00087,/mnt/data/optimus_vision_dataset_pipeline/data/raw/images/img_00087.png,train,warehouse,mixed,inspect,inspect,ann_07,2026-01-07,cam_a,256,256,1031.874,False,0.393
img_00088,/mnt/data/optimus_vision_dataset_pipeline/data/raw/images/img_00088.png,train,outdoor_test,bright,walk,walk,ann_06,2026-01-28,cam_c,256,256,731.697,False,0.096
img_00089,/mnt/data/optimus_vision_dataset_pipeline/data/raw/images/img_00089.png,test,factory_floor,mixed,lift,lift,ann_04,2026-02-01,cam_b,256,256,29.384,False,0.141
img_00090,/mnt/data/optimus_vision_dataset_pipeline/data/raw/images/img_00090.png,train,factory_floor,bright,inspect,inspect,ann_03,2026-01-05,cam_b,256,256,1370.217,False,0.307
img_00091,/mnt/data/optimus_vision_dataset_pipeline/data/raw/images/img_00091.png,val,lab,mixed,sit,sit,ann_07,2026-02-24,cam_b,256,256,909.161,False,0.235
img_00092,/mnt/data/optimus_vision_dataset_pipeline/data/raw/images/img_00092.png,test,warehouse,bright,sit,sit,ann_07,2026-01-18,cam_b,256,256,35.862,False,0.181
img_00093,/mnt/data/optimus_vision_dataset_pipeline/data/raw/images/img_00093.png,val,warehouse,mixed,walk,walk,ann_06,2026-01-15,cam_c,256,256,898.478,False,0.387
img_00094,/mnt/data/optimus_vision_dataset_pipeline/data/raw/images/img_00094.png,train,lab,mixed,lift,lift,ann_08,2026-01-03,cam_c,256,256,680.207,False,0.387
img_00095,/mnt/data/optimus_vision_dataset_pipeline/data/raw/images/img_00095.png,train,lab,mixed,inspect,inspect,ann_03,2026-02-20,cam_a,256,256,1200.532,False,0.191
img_00096,/mnt/data/optimus_vision_dataset_pipeline/data/raw/images/img_00096.png,train,lab,mixed,inspect,inspect,ann_05,2026-02-17,cam_c,256,256,1285.968,False,0.167
img_00097,/mnt/data/optimus_vision_dataset_pipeline/data/raw/images/img_00097.png,train,warehouse,dim,reach,reach,ann_06,2026-01-06,cam_a,256,256,621.124,False,0.157
img_00098,/mnt/data/optimus_vision_dataset_pipeline/data/raw/images/img_00098.png,train,warehouse,dim,sit,sit,ann_06,2026-01-07,cam_c,256,256,524.535,False,0.309
img_00099,/mnt/data/optimus_vision_dataset_pipeline/data/raw/images/img_00099.png,test,outdoor_test,bright,lift,lift,ann_08,2026-02-28,cam_c,256,256,772.432,False,0.287
img_00100,/mnt/data/optimus_vision_dataset_pipeline/data/raw/images/img_00100.png,train,outdoor_test,bright,reach,reach,ann_03,2026-01-25,cam_a,256,256,156.873,False,0.183
img_00101,/mnt/data/optimus_vision_dataset_pipeline/data/raw/images/img_00101.png,test,lab,mixed,sit,sit,ann_02,2026-02-23,cam_c,256,256,757.527,False,0.332
img_00102,/mnt/data/optimus_vision_dataset_pipeline/data/raw/images/img_00102.png,train,outdoor_test,dim,sit,sit,ann_02,2026-02-13,cam_a,256,256,520.301,False,0.231
img_00103,/mnt/data/optimus_vision_dataset_pipeline/data/raw/images/img_00103.png,train,lab,bright,reach,reach,ann_01,2026-01-04,cam_b,256,256,157.329,False,0.122
img_00104,/mnt/data/optimus_vision_dataset_pipeline/data/raw/images/img_00104.png,train,factory_floor,bright,reach,reach,ann_03,2026-02-20,cam_c,256,256,914.895,True,0.34
img_00105,/mnt/data/optimus_vision_dataset_pipeline/data/raw/images/img_00105.png,train,warehouse,dim,inspect,inspect,ann_01,2026-01-09,cam_a,256,256,495.749,False,0.351
img_00106,/mnt/data/optimus_vision_dataset_pipeline/data/raw/images/img_00106.png,train,lab,bright,walk,walk,ann_02,2026-01-31,cam_c,256,256,634.928,True,0.17
img_00107,/mnt/data/optimus_vision_dataset_pipeline/data/raw/images/img_00107.png,train,lab,mixed,sit,sit,ann_05,2026-01-30,cam_c,256,256,654.762,False,0.155
img_00108,/mnt/data/optimus_vision_dataset_pipeline/data/raw/images/img_00108.png,val,warehouse,dim,walk,walk,ann_03,2026-01-05,cam_b,256,256,119.56,False,0.247
img_00109,/mnt/data/optimus_vision_dataset_pipeline/data/raw/images/img_00109.png,test,lab,mixed,lift,lift,ann_07,2026-01-07,cam_c,256,256,1239.193,False,0.191
img_00110,/mnt/data/optimus_vision_dataset_pipeline/data/raw/images/img_00110.png,train,factory_floor,dim,walk,walk,ann_02,2026-01-21,cam_b,256,256,623.759,False,0.361
img_00111,/mnt/data/optimus_vision_dataset_pipeline/data/raw/images/img_00111.png,train,lab,mixed,sit,sit,ann_02,2026-01-28,cam_b,256,256,43.135,False,0.314
img_00112,/mnt/data/optimus_vision_dataset_pipeline/data/raw/images/img_00112.png,train,lab,bright,walk,walk,ann_07,2026-01-23,cam_c,256,256,934.703,False,0.271
img_00113,/mnt/data/optimus_vision_dataset_pipeline/data/raw/images/img_00113.png,train,warehouse,dim,sit,sit,ann_08,2026-01-15,cam_c,256,256,498.46,False,0.276
img_00114,/mnt/data/optimus_vision_dataset_pipeline/data/raw/images/img_00114.png,train,lab,mixed,walk,walk,ann_01,2026-02-08,cam_b,256,256,1038.369,False,0.275
img_00115,/mnt/data/optimus_vision_dataset_pipeline/data/raw/images/img_00115.png,train,warehouse,bright,reach,reach,ann_07,2026-01-05,cam_b,256,256,864.466,False,0.199
img_00116,/mnt/data/optimus_vision_dataset_pipeline/data/raw/images/img_00116.png,test,warehouse,bright,lift,lift,ann_05,2026-02-16,cam_c,256,256,1082.234,False,0.223
img_00117,/mnt/data/optimus_vision_dataset_pipeline/data/raw/images/img_00117.png,train,warehouse,bright,reach,reach,ann_07,2026-02-01,cam_a,256,256,757.438,False,0.097
img_00118,/mnt/data/optimus_vision_dataset_pipeline/data/raw/images/img_00118.png,train,outdoor_test,dim,inspect,inspect,ann_08,2026-02-03,cam_b,256,256,33.985,False,0.119
img_00119,/mnt/data/optimus_vision_dataset_pipeline/data/raw/images/img_00119.png,test,warehouse,bright,reach,reach,ann_05,2026-01-21,cam_b,256,256,912.92,True,0.15
img_00120,/mnt/data/optimus_vision_dataset_pipeline/data/raw/images/img_00120.png,val,warehouse,dim,walk,walk,ann_02,2026-01-26,cam_c,256,256,477.79,True,0.209
img_00121,/mnt/data/optimus_vision_dataset_pipeline/data/raw/images/img_00121.png,train,outdoor_test,bright,walk,walk,ann_07,2026-01-19,cam_b,256,256,1116.262,False,0.276
img_00122,/mnt/data/optimus_vision_dataset_pipeline/data/raw/images/img_00122.png,train,outdoor_test,bright,walk,walk,ann_04,2026-01-28,cam_b,256,256,36.35,False,0.29
img_00123,/mnt/data/optimus_vision_dataset_pipeline/data/raw/images/img_00123.png,val,outdoor_test,mixed,inspect,inspect,ann_03,2026-01-05,cam_a,256,256,1037.212,False,0.334
img_00124,/mnt/data/optimus_vision_dataset_pipeline/data/raw/images/img_00124.png,train,warehouse,mixed,inspect,inspect,ann_03,2026-01-17,cam_c,256,256,924.124,False,0.199
img_00125,/mnt/data/optimus_vision_dataset_pipeline/data/raw/images/img_00125.png,train,factory_floor,mixed,lift,lift,ann_08,2026-02-13,cam_a,256,256,1201.224,True,0.343
img_00126,/mnt/data/optimus_vision_dataset_pipeline/data/raw/images/img_00126.png,train,lab,mixed,inspect,inspect,ann_01,2026-01-23,cam_b,256,256,1048.593,False,0.239
img_00127,/mnt/data/optimus_vision_dataset_pipeline/data/raw/images/img_00127.png,val,warehouse,dim,inspect,inspect,ann_07,2026-01-30,cam_b,256,256,22.41,True,0.205
img_00128,/mnt/data/optimus_vision_dataset_pipeline/data/raw/images/img_00128.png,train,warehouse,dim,inspect,inspect,ann_08,2026-01-07,cam_c,256,256,523.542,False,0.242
img_00129,/mnt/data/optimus_vision_dataset_pipeline/data/raw/images/img_00129.png,train,warehouse,mixed,reach,reach,ann_06,2026-01-24,cam_c,256,256,1136.638,True,0.321
img_00130,/mnt/data/optimus_vision_dataset_pipeline/data/raw/images/img_00130.png,test,outdoor_test,dim,reach,reach,ann_05,2026-01-17,cam_b,256,256,104.015,True,0.295
img_00131,/mnt/data/optimus_vision_dataset_pipeline/data/raw/images/img_00131.png,test,factory_floor,dim,inspect,inspect,ann_07,2026-01-09,cam_a,256,256,643.878,False,0.392
img_00132,/mnt/data/optimus_vision_dataset_pipeline/data/raw/images/img_00132.png,val,warehouse,dim,inspect,inspect,ann_02,2026-02-11,cam_c,256,256,509.22,False,0.192
img_00133,/mnt/data/optimus_vision_dataset_pipeline/data/raw/images/img_00133.png,train,lab,bright,sit,sit,ann_03,2026-01-10,cam_b,256,256,1120.545,False,0.153
img_00134,/mnt/data/optimus_vision_dataset_pipeline/data/raw/images/img_00134.png,test,lab,bright,walk,walk,ann_03,2026-02-08,cam_c,256,256,642.057,False,0.38
img_00135,/mnt/data/optimus_vision_dataset_pipeline/data/raw/images/img_00135.png,test,factory_floor,bright,sit,sit,ann_04,2026-01-29,cam_a,256,256,111.208,False,0.136
img_00136,/mnt/data/optimus_vision_dataset_pipeline/data/raw/images/img_00136.png,train,lab,mixed,inspect,inspect,ann_04,2026-01-24,cam_b,256,256,1275.301,False,0.185
img_00137,/mnt/data/optimus_vision_dataset_pipeline/data/raw/images/img_00137.png,val,outdoor_test,dim,inspect,inspect,ann_03,2026-02-25,cam_b,256,256,538.716,False,0.222
img_00138,/mnt/data/optimus_vision_dataset_pipeline/data/raw/images/img_00138.png,train,warehouse,mixed,reach,reach,ann_05,2026-01-06,cam_b,256,256,1269.634,False,0.115
img_00139,/mnt/data/optimus_vision_dataset_pipeline/data/raw/images/img_00139.png,train,lab,dim,lift,lift,ann_06,2026-03-01,cam_c,256,256,488.385,False,0.111
img_00140,/mnt/data/optimus_vision_dataset_pipeline/data/raw/images/img_00140.png,test,outdoor_test,bright,walk,walk,ann_01,2026-01-21,cam_b,256,256,755.595,False,0.211
img_00141,/mnt/data/optimus_vision_dataset_pipeline/data/raw/images/img_00141.png,train,lab,bright,walk,walk,ann_08,2026-01-29,cam_a,256,256,735.894,False,0.362
img_00142,/mnt/data/optimus_vision_dataset_pipeline/data/raw/images/img_00142.png,train,warehouse,bright,inspect,inspect,ann_05,2026-01-16,cam_a,256,256,1448.227,False,0.131
img_00143,/mnt/data/optimus_vision_dataset_pipeline/data/raw/images/img_00143.png,val,warehouse,bright,reach,reach,ann_01,2026-02-10,cam_a,256,256,21.686,False,0.292
img_00144,/mnt/data/optimus_vision_dataset_pipeline/data/raw/images/img_00144.png,train,factory_floor,mixed,inspect,inspect,ann_03,2026-02-12,cam_a,256,256,1053.603,False,0.289
img_00145,/mnt/data/optimus_vision_dataset_pipeline/data/raw/images/img_00145.png,test,lab,bright,walk,walk,ann_01,2026-02-10,cam_c,256,256,41.585,False,0.416
img_00146,/mnt/data/optimus_vision_dataset_pipeline/data/raw/images/img_00146.png,train,lab,dim,sit,sit,ann_02,2026-02-19,cam_c,256,256,471.781,False,0.103
img_00147,/mnt/data/optimus_vision_dataset_pipeline/data/raw/images/img_00147.png,train,lab,bright,inspect,inspect,ann_08,2026-02-14,cam_a,256,256,897.91,False,0.357
img_00148,/mnt/data/optimus_vision_dataset_pipeline/data/raw/images/img_00148.png,val,factory_floor,bright,sit,sit,ann_07,2026-02-22,cam_a,256,256,867.277,True,0.149
img_00149,/mnt/data/optimus_vision_dataset_pipeline/data/raw/images/img_00149.png,train,outdoor_test,dim,inspect,inspect,ann_06,2026-01-18,cam_a,256,256,461.625,False,0.373
img_00150,/mnt/data/optimus_vision_dataset_pipeline/data/raw/images/img_00150.png,val,lab,dim,walk,walk,ann_08,2026-01-24,cam_b,256,256,438.246,False,0.211
img_00151,/mnt/data/optimus_vision_dataset_pipeline/data/raw/images/img_00151.png,val,lab,bright,inspect,inspect,ann_02,2026-01-21,cam_c,256,256,831.052,True,0.285
img_00152,/mnt/data/optimus_vision_dataset_pipeline/data/raw/images/img_00152.png,val,lab,dim,reach,reach,ann_07,2026-01-18,cam_c,256,256,23.89,True,0.231
img_00153,/mnt/data/optimus_vision_dataset_pipeline/data/raw/images/img_00153.png,val,warehouse,mixed,walk,walk,ann_03,2026-02-24,cam_c,256,256,822.538,False,0.352
img_00154,/mnt/data/optimus_vision_dataset_pipeline/data/raw/images/img_00154.png,train,outdoor_test,bright,inspect,inspect,ann_01,2026-02-08,cam_a,256,256,1227.872,False,0.299
img_00155,/mnt/data/optimus_vision_dataset_pipeline/data/raw/images/img_00155.png,val,outdoor_test,dim,lift,lift,ann_06,2026-02-11,cam_b,256,256,762.249,False,0.275
img_00156,/mnt/data/optimus_vision_dataset_pipeline/data/raw/images/img_00156.png,train,factory_floor,bright,reach,reach,ann_05,2026-02-15,cam_a,256,256,807.883,False,0.212
img_00157,/mnt/data/optimus_vision_dataset_pipeline/data/raw/images/img_00157.png,val,factory_floor,mixed,sit,sit,ann_08,2026-01-06,cam_b,256,256,750.054,False,0.126
img_00158,/mnt/data/optimus_vision_dataset_pipeline/data/raw/images/img_00158.png,test,lab,mixed,reach,reach,ann_03,2026-02-20,cam_a,256,256,775.032,False,0.383
img_00159,/mnt/data/optimus_vision_dataset_pipeline/data/raw/images/img_00159.png,train,factory_floor,bright,reach,reach,ann_06,2026-01-30,cam_a,256,256,1084.986,False,0.248
img_00160,/mnt/data/optimus_vision_dataset_pipeline/data/raw/images/img_00160.png,train,factory_floor,mixed,inspect,inspect,ann_07,2026-02-22,cam_a,256,256,1393.137,False,0.42
img_00161,/mnt/data/optimus_vision_dataset_pipeline/data/raw/images/img_00161.png,train,warehouse,bright,inspect,inspect,ann_03,2026-02-19,cam_b,256,256,1188.218,False,0.311
img_00162,/mnt/data/optimus_vision_dataset_pipeline/data/raw/images/img_00162.png,train,outdoor_test,mixed,lift,lift,ann_04,2026-01-23,cam_a,256,256,877.896,False,0.183
img_00163,/mnt/data/optimus_vision_dataset_pipeline/data/raw/images/img_00163.png,train,lab,bright,inspect,inspect,ann_02,2026-02-02,cam_b,256,256,844.263,False,0.267
img_00164,/mnt/data/optimus_vision_dataset_pipeline/data/raw/images/img_00164.png,test,factory_floor,bright,lift,lift,ann_01,2026-01-06,cam_c,256,256,743.704,False,0.286
img_00165,/mnt/data/optimus_vision_dataset_pipeline/data/raw/images/img_00165.png,test,lab,mixed,walk,walk,ann_05,2026-02-11,cam_a,256,256,1120.037,False,0.297
img_00166,/mnt/data/optimus_vision_dataset_pipeline/data/raw/images/img_00166.png,val,outdoor_test,bright,reach,reach,ann_07,2026-01-31,cam_c,256,256,746.04,False,0.105
img_00167,/mnt/data/optimus_vision_dataset_pipeline/data/raw/images/img_00167.png,train,factory_floor,dim,sit,sit,ann_03,2026-02-18,cam_c,256,256,593.237,False,0.324
img_00168,/mnt/data/optimus_vision_dataset_pipeline/data/raw/images/img_00168.png,val,warehouse,dim,reach,reach,ann_07,2026-01-16,cam_a,256,256,48.846,True,0.233
img_00169,/mnt/data/optimus_vision_dataset_pipeline/data/raw/images/img_00169.png,train,lab,mixed,lift,lift,ann_05,2026-02-01,cam_c,256,256,1219.12,False,0.134
img_00170,/mnt/data/optimus_vision_dataset_pipeline/data/raw/images/img_00170.png,val,warehouse,dim,walk,walk,ann_08,2026-01-19,cam_c,256,256,64.19,False,0.153
img_00171,/mnt/data/optimus_vision_dataset_pipeline/data/raw/images/img_00171.png,train,warehouse,bright,inspect,inspect,ann_07,2026-01-04,cam_b,256,256,1264.329,False,0.327
img_00172,/mnt/data/optimus_vision_dataset_pipeline/data/raw/images/img_00172.png,train,factory_floor,dim,inspect,inspect,ann_02,2026-01-09,cam_c,256,256,767.494,True,0.251
img_00173,/mnt/data/optimus_vision_dataset_pipeline/data/raw/images/img_00173.png,test,outdoor_test,dim,walk,walk,ann_07,2026-02-02,cam_b,256,256,490.248,False,0.337
img_00174,/mnt/data/optimus_vision_dataset_pipeline/data/raw/images/img_00174.png,train,warehouse,bright,walk,walk,ann_03,2026-01-21,cam_a,256,256,814.28,False,0.257
img_00175,/mnt/data/optimus_vision_dataset_pipeline/data/raw/images/img_00175.png,test,lab,bright,inspect,inspect,ann_08,2026-02-15,cam_b,256,256,1098.398,False,0.182
img_00176,/mnt/data/optimus_vision_dataset_pipeline/data/raw/images/img_00176.png,train,lab,dim,inspect,inspect,ann_01,2026-02-08,cam_a,256,256,669.664,False,0.117
img_00177,/mnt/data/optimus_vision_dataset_pipeline/data/raw/images/img_00177.png,test,lab,mixed,sit,sit,ann_07,2026-01-10,cam_c,256,256,1111.216,False,0.097
img_00178,/mnt/data/optimus_vision_dataset_pipeline/data/raw/images/img_00178.png,train,warehouse,mixed,lift,lift,ann_04,2026-01-27,cam_c,256,256,1184.58,False,0.23
img_00179,/mnt/data/optimus_vision_dataset_pipeline/data/raw/images/img_00179.png,train,outdoor_test,mixed,inspect,inspect,ann_08,2026-02-03,cam_c,256,256,1173.049,False,0.256
img_00180,/mnt/data/optimus_vision_dataset_pipeline/data/raw/images/img_00180.png,test,lab,bright,sit,sit,ann_04,2026-01-16,cam_b,256,256,867.758,False,0.2
img_00181,/mnt/data/optimus_vision_dataset_pipeline/data/raw/images/img_00181.png,train,lab,bright,reach,reach,ann_06,2026-02-05,cam_b,256,256,1134.989,False,0.315
img_00182,/mnt/data/optimus_vision_dataset_pipeline/data/raw/images/img_00182.png,test,lab,bright,reach,reach,ann_03,2026-01-19,cam_c,256,256,972.499,False,0.413
img_00183,/mnt/data/optimus_vision_dataset_pipeline/data/raw/images/img_00183.png,train,lab,mixed,walk,walk,ann_05,2026-03-01,cam_a,256,256,1101.542,False,0.303
img_00184,/mnt/data/optimus_vision_dataset_pipeline/data/raw/images/img_00184.png,test,lab,bright,inspect,inspect,ann_04,2026-02-10,cam_a,256,256,758.962,False,0.161
img_00185,/mnt/data/optimus_vision_dataset_pipeline/data/raw/images/img_00185.png,train,warehouse,bright,lift,lift,ann_03,2026-01-27,cam_b,256,256,53.476,False,0.114
img_00186,/mnt/data/optimus_vision_dataset_pipeline/data/raw/images/img_00186.png,train,outdoor_test,mixed,sit,sit,ann_04,2026-02-04,cam_a,256,256,769.68,False,0.3
img_00187,/mnt/data/optimus_vision_dataset_pipeline/data/raw/images/img_00187.png,train,factory_floor,dim,walk,walk,ann_05,2026-02-26,cam_a,256,256,690.646,False,0.215
img_00188,/mnt/data/optimus_vision_dataset_pipeline/data/raw/images/img_00188.png,test,warehouse,dim,walk,walk,ann_08,2026-02-26,cam_c,256,256,491.435,True,0.414
img_00189,/mnt/data/optimus_vision_dataset_pipeline/data/raw/images/img_00189.png,train,outdoor_test,dim,lift,lift,ann_01,2026-02-17,cam_a,256,256,557.547,False,0.329
img_00190,/mnt/data/optimus_vision_dataset_pipeline/data/raw/images/img_00190.png,train,lab,mixed,reach,reach,ann_02,2026-01-26,cam_c,256,256,1002.322,True,0.371
img_00191,/mnt/data/optimus_vision_dataset_pipeline/data/raw/images/img_00191.png,train,factory_floor,bright,walk,walk,ann_05,2026-01-22,cam_b,256,256,1092.668,False,0.082
img_00192,/mnt/data/optimus_vision_dataset_pipeline/data/raw/images/img_00192.png,train,warehouse,dim,reach,reach,ann_03,2026-01-26,cam_c,256,256,447.626,False,0.101
img_00193,/mnt/data/optimus_vision_dataset_pipeline/data/raw/images/img_00193.png,train,lab,mixed,inspect,inspect,ann_08,2026-02-17,cam_a,256,256,853.092,False,0.155
img_00194,/mnt/data/optimus_vision_dataset_pipeline/data/raw/images/img_00194.png,test,lab,dim,inspect,inspect,ann_02,2026-02-03,cam_c,256,256,529.163,False,0.337
img_00195,/mnt/data/optimus_vision_dataset_pipeline/data/raw/images/img_00195.png,train,lab,bright,sit,sit,ann_03,2026-01-21,cam_c,256,256,981.138,True,0.266
img_00196,/mnt/data/optimus_vision_dataset_pipeline/data/raw/images/img_00196.png,train,outdoor_test,bright,inspect,inspect,ann_01,2026-01-30,cam_c,256,256,1446.603,False,0.246
img_00197,/mnt/data/optimus_vision_dataset_pipeline/data/raw/images/img_00197.png,train,outdoor_test,dim,lift,lift,ann_07,2026-01-17,cam_c,256,256,594.693,False,0.309
img_00198,/mnt/data/optimus_vision_dataset_pipeline/data/raw/images/img_00198.png,train,factory_floor,mixed,walk,walk,ann_02,2026-03-01,cam_a,256,256,1291.123,False,0.318
img_00199,/mnt/data/optimus_vision_dataset_pipeline/data/raw/images/img_00199.png,train,warehouse,dim,sit,sit,ann_07,2026-01-29,cam_b,256,256,628.136,False,0.34
img_00200,/mnt/data/optimus_vision_dataset_pipeline/data/raw/images/img_00200.png,test,outdoor_test,bright,sit,sit,ann_03,2026-02-16,cam_c,256,256,759.315,True,0.372
img_00201,/mnt/data/optimus_vision_dataset_pipeline/data/raw/images/img_00201.png,val,warehouse,bright,lift,lift,ann_04,2026-01-16,cam_b,256,256,1347.51,False,0.265
img_00202,/mnt/data/optimus_vision_dataset_pipeline/data/raw/images/img_00202.png,train,lab,bright,sit,sit,ann_01,2026-01-16,cam_b,256,256,40.039,False,0.327
img_00203,/mnt/data/optimus_vision_dataset_pipeline/data/raw/images/img_00203.png,train,warehouse,bright,lift,lift,ann_01,2026-01-26,cam_c,256,256,743.121,False,0.308
img_00204,/mnt/data/optimus_vision_dataset_pipeline/data/raw/images/img_00204.png,train,factory_floor,mixed,sit,sit,ann_06,2026-02-06,cam_a,256,256,865.747,True,0.418
img_00205,/mnt/data/optimus_vision_dataset_pipeline/data/raw/images/img_00205.png,train,lab,bright,inspect,inspect,ann_01,2026-02-05,cam_b,256,256,1190.108,False,0.257
img_00206,/mnt/data/optimus_vision_dataset_pipeline/data/raw/images/img_00206.png,val,factory_floor,mixed,inspect,inspect,ann_07,2026-02-20,cam_c,256,256,1201.202,False,0.096
img_00207,/mnt/data/optimus_vision_dataset_pipeline/data/raw/images/img_00207.png,val,lab,mixed,inspect,inspect,ann_03,2026-02-21,cam_b,256,256,1370.458,True,0.208
img_00208,/mnt/data/optimus_vision_dataset_pipeline/data/raw/images/img_00208.png,val,warehouse,mixed,sit,sit,ann_06,2026-02-11,cam_b,256,256,923.224,False,0.126
img_00209,/mnt/data/optimus_vision_dataset_pipeline/data/raw/images/img_00209.png,test,outdoor_test,dim,walk,walk,ann_01,2026-02-25,cam_a,256,256,536.251,False,0.145
img_00210,/mnt/data/optimus_vision_dataset_pipeline/data/raw/images/img_00210.png,test,factory_floor,mixed,walk,walk,ann_01,2026-01-14,cam_c,256,256,1026.482,False,0.151
img_00211,/mnt/data/optimus_vision_dataset_pipeline/data/raw/images/img_00211.png,train,warehouse,mixed,lift,lift,ann_06,2026-02-19,cam_b,256,256,1153.198,False,0.319
img_00212,/mnt/data/optimus_vision_dataset_pipeline/data/raw/images/img_00212.png,train,outdoor_test,dim,reach,reach,ann_08,2026-02-18,cam_c,256,256,707.394,False,0.202
img_00213,/mnt/data/optimus_vision_dataset_pipeline/data/raw/images/img_00213.png,val,factory_floor,dim,reach,reach,ann_07,2026-01-19,cam_b,256,256,25.771,True,0.374
img_00214,/mnt/data/optimus_vision_dataset_pipeline/data/raw/images/img_00214.png,val,factory_floor,dim,lift,lift,ann_06,2026-01-17,cam_a,256,256,775.971,False,0.164
img_00215,/mnt/data/optimus_vision_dataset_pipeline/data/raw/images/img_00215.png,train,outdoor_test,dim,sit,sit,ann_01,2026-02-03,cam_a,256,256,611.171,True,0.325
img_00216,/mnt/data/optimus_vision_dataset_pipeline/data/raw/images/img_00216.png,train,warehouse,mixed,walk,walk,ann_04,2026-02-02,cam_a,256,256,138.311,False,0.366
img_00217,/mnt/data/optimus_vision_dataset_pipeline/data/raw/images/img_00217.png,test,lab,bright,sit,sit,ann_01,2026-01-02,cam_c,256,256,44.282,False,0.304
img_00218,/mnt/data/optimus_vision_dataset_pipeline/data/raw/images/img_00218.png,train,lab,mixed,inspect,inspect,ann_03,2026-01-07,cam_b,256,256,1221.689,False,0.317
img_00219,/mnt/data/optimus_vision_dataset_pipeline/data/raw/images/img_00219.png,test,factory_floor,bright,walk,walk,ann_02,2026-01-24,cam_a,256,256,953.572,False,0.357
img_00220,/mnt/data/optimus_vision_dataset_pipeline/data/raw/images/img_00220.png,train,outdoor_test,mixed,sit,sit,ann_01,2026-01-06,cam_a,256,256,761.552,False,0.362
img_00221,/mnt/data/optimus_vision_dataset_pipeline/data/raw/images/img_00221.png,val,outdoor_test,dim,sit,sit,ann_02,2026-02-27,cam_c,256,256,16.729,True,0.083
img_00222,/mnt/data/optimus_vision_dataset_pipeline/data/raw/images/img_00222.png,test,warehouse,bright,inspect,inspect,ann_05,2026-02-27,cam_a,256,256,840.89,False,0.096
img_00223,/mnt/data/optimus_vision_dataset_pipeline/data/raw/images/img_00223.png,train,warehouse,bright,inspect,inspect,ann_05,2026-01-11,cam_b,256,256,1253.124,False,0.28
img_00224,/mnt/data/optimus_vision_dataset_pipeline/data/raw/images/img_00224.png,test,factory_floor,mixed,inspect,inspect,ann_02,2026-02-02,cam_b,256,256,924.7,False,0.337
img_00225,/mnt/data/optimus_vision_dataset_pipeline/data/raw/images/img_00225.png,train,warehouse,bright,reach,reach,ann_06,2026-01-02,cam_b,256,256,1109.41,False,0.196
img_00226,/mnt/data/optimus_vision_dataset_pipeline/data/raw/images/img_00226.png,train,outdoor_test,dim,reach,reach,ann_07,2026-01-06,cam_a,256,256,493.222,False,0.208
img_00227,/mnt/data/optimus_vision_dataset_pipeline/data/raw/images/img_00227.png,train,lab,bright,inspect,inspect,ann_02,2026-01-06,cam_c,256,256,881.193,True,0.132
img_00228,/mnt/data/optimus_vision_dataset_pipeline/data/raw/images/img_00228.png,train,lab,dim,walk,walk,ann_07,2026-01-07,cam_b,256,256,523.804,True,0.11
img_00229,/mnt/data/optimus_vision_dataset_pipeline/data/raw/images/img_00229.png,train,warehouse,dim,walk,walk,ann_02,2026-02-16,cam_c,256,256,50.38,False,0.347
img_00230,/mnt/data/optimus_vision_dataset_pipeline/data/raw/images/img_00230.png,train,factory_floor,mixed,inspect,inspect,ann_08,2026-01-10,cam_c,256,256,1094.196,False,0.138
img_00231,/mnt/data/optimus_vision_dataset_pipeline/data/raw/images/img_00231.png,val,factory_floor,dim,walk,walk,ann_04,2026-02-16,cam_b,256,256,595.789,False,0.346
img_00232,/mnt/data/optimus_vision_dataset_pipeline/data/raw/images/img_00232.png,train,factory_floor,dim,sit,sit,ann_07,2026-02-21,cam_a,256,256,579.219,False,0.403
img_00233,/mnt/data/optimus_vision_dataset_pipeline/data/raw/images/img_00233.png,test,outdoor_test,dim,reach,reach,ann_06,2026-01-19,cam_b,256,256,501.022,True,0.189
img_00234,/mnt/data/optimus_vision_dataset_pipeline/data/raw/images/img_00234.png,train,factory_floor,dim,sit,sit,ann_04,2026-02-07,cam_b,256,256,441.901,False,0.214
img_00235,/mnt/data/optimus_vision_dataset_pipeline/data/raw/images/img_00235.png,train,factory_floor,mixed,inspect,inspect,ann_05,2026-02-23,cam_c,256,256,1013.025,False,0.237
img_00236,/mnt/data/optimus_vision_dataset_pipeline/data/raw/images/img_00236.png,train,outdoor_test,mixed,walk,walk,ann_07,2026-01-05,cam_b,256,256,828.452,False,0.162
img_00237,/mnt/data/optimus_vision_dataset_pipeline/data/raw/images/img_00237.png,test,outdoor_test,mixed,sit,sit,ann_06,2026-02-14,cam_b,256,256,1144.67,False,0.393
img_00238,/mnt/data/optimus_vision_dataset_pipeline/data/raw/images/img_00238.png,train,warehouse,bright,inspect,inspect,ann_02,2026-01-01,cam_a,256,256,1258.555,True,0.288
img_00239,/mnt/data/optimus_vision_dataset_pipeline/data/raw/images/img_00239.png,test,lab,bright,walk,walk,ann_07,2026-01-30,cam_c,256,256,820.619,False,0.314
img_00240,/mnt/data/optimus_vision_dataset_pipeline/data/raw/images/img_00240.png,val,factory_floor,dim,inspect,inspect,ann_05,2026-01-22,cam_a,256,256,13.367,True,0.221
img_00241,/mnt/data/optimus_vision_dataset_pipeline/data/raw/images/img_00241.png,train,factory_floor,mixed,sit,sit,ann_05,2026-01-03,cam_b,256,256,1179.141,False,0.229
img_00242,/mnt/data/optimus_vision_dataset_pipeline/data/raw/images/img_00242.png,train,warehouse,dim,walk,walk,ann_03,2026-01-22,cam_c,256,256,513.754,False,0.136
img_00243,/mnt/data/optimus_vision_dataset_pipeline/data/raw/images/img_00243.png,val,outdoor_test,dim,inspect,inspect,ann_04,2026-01-29,cam_a,256,256,745.706,False,0.143
img_00244,/mnt/data/optimus_vision_dataset_pipeline/data/raw/images/img_00244.png,train,outdoor_test,dim,inspect,inspect,ann_03,2026-01-24,cam_a,256,256,475.316,False,0.336
img_00245,/mnt/data/optimus_vision_dataset_pipeline/data/raw/images/img_00245.png,train,factory_floor,dim,reach,reach,ann_07,2026-02-07,cam_a,256,256,579.015,False,0.246
img_00246,/mnt/data/optimus_vision_dataset_pipeline/data/raw/images/img_00246.png,test,lab,dim,walk,walk,ann_03,2026-01-21,cam_b,256,256,438.43,True,0.309
img_00247,/mnt/data/optimus_vision_dataset_pipeline/data/raw/images/img_00247.png,train,factory_floor,dim,walk,walk,ann_03,2026-02-06,cam_a,256,256,610.132,False,0.128
img_00248,/mnt/data/optimus_vision_dataset_pipeline/data/raw/images/img_00248.png,test,outdoor_test,bright,sit,sit,ann_08,2026-01-19,cam_b,256,256,860.47,False,0.299
img_00249,/mnt/data/optimus_vision_dataset_pipeline/data/raw/images/img_00249.png,test,factory_floor,dim,lift,lift,ann_08,2026-01-27,cam_b,256,256,395.564,True,0.202
img_00250,/mnt/data/optimus_vision_dataset_pipeline/data/raw/images/img_00250.png,val,outdoor_test,mixed,sit,sit,ann_05,2026-01-11,cam_b,256,256,866.742,True,0.272
img_00251,/mnt/data/optimus_vision_dataset_pipeline/data/raw/images/img_00251.png,train,outdoor_test,mixed,sit,sit,ann_06,2026-02-04,cam_c,256,256,1307.397,False,0.171
img_00252,/mnt/data/optimus_vision_dataset_pipeline/data/raw/images/img_00252.png,val,outdoor_test,mixed,walk,walk,ann_05,2026-01-23,cam_a,256,256,947.284,True,0.362
img_00253,/mnt/data/optimus_vision_dataset_pipeline/data/raw/images/img_00253.png,train,outdoor_test,bright,walk,walk,ann_07,2026-01-11,cam_a,256,256,1050.068,False,0.28
img_00254,/mnt/data/optimus_vision_dataset_pipeline/data/raw/images/img_00254.png,train,factory_floor,bright,inspect,inspect,ann_05,2026-01-19,cam_a,256,256,1476.257,False,0.261
img_00255,/mnt/data/optimus_vision_dataset_pipeline/data/raw/images/img_00255.png,train,lab,mixed,inspect,inspect,ann_03,2026-02-14,cam_c,256,256,1193.198,True,0.335
img_00256,/mnt/data/optimus_vision_dataset_pipeline/data/raw/images/img_00256.png,train,factory_floor,bright,lift,lift,ann_05,2026-02-10,cam_c,256,256,1166.985,False,0.339
img_00257,/mnt/data/optimus_vision_dataset_pipeline/data/raw/images/img_00257.png,train,outdoor_test,dim,sit,sit,ann_08,2026-01-21,cam_a,256,256,610.234,False,0.335
img_00258,/mnt/data/optimus_vision_dataset_pipeline/data/raw/images/img_00258.png,val,warehouse,mixed,inspect,inspect,ann_07,2026-01-14,cam_a,256,256,831.791,False,0.317
img_00259,/mnt/data/optimus_vision_dataset_pipeline/data/raw/images/img_00259.png,train,factory_floor,dim,sit,sit,ann_08,2026-02-20,cam_b,256,256,453.758,False,0.195
img_00260,/mnt/data/optimus_vision_dataset_pipeline/data/raw/images/img_00260.png,val,warehouse,bright,reach,reach,ann_04,2026-02-14,cam_a,256,256,850.424,True,0.396
img_00261,/mnt/data/optimus_vision_dataset_pipeline/data/raw/images/img_00261.png,train,lab,bright,lift,lift,ann_03,2026-01-04,cam_b,256,256,1040.8,False,0.165
img_00262,/mnt/data/optimus_vision_dataset_pipeline/data/raw/images/img_00262.png,train,lab,mixed,sit,sit,ann_03,2026-02-07,cam_c,256,256,57.681,False,0.111
img_00263,/mnt/data/optimus_vision_dataset_pipeline/data/raw/images/img_00263.png,train,outdoor_test,bright,lift,lift,ann_08,2026-01-05,cam_a,256,256,1214.648,False,0.416
img_00264,/mnt/data/optimus_vision_dataset_pipeline/data/raw/images/img_00264.png,train,outdoor_test,bright,lift,lift,ann_03,2026-01-05,cam_c,256,256,1067.39,True,0.205
img_00265,/mnt/data/optimus_vision_dataset_pipeline/data/raw/images/img_00265.png,train,warehouse,mixed,inspect,inspect,ann_08,2026-02-25,cam_c,256,256,933.735,False,0.326
img_00266,/mnt/data/optimus_vision_dataset_pipeline/data/raw/images/img_00266.png,train,warehouse,bright,lift,lift,ann_03,2026-01-16,cam_a,256,256,1195.162,False,0.211
img_00267,/mnt/data/optimus_vision_dataset_pipeline/data/raw/images/img_00267.png,test,warehouse,bright,reach,reach,ann_05,2026-01-14,cam_c,256,256,702.427,False,0.287
img_00268,/mnt/data/optimus_vision_dataset_pipeline/data/raw/images/img_00268.png,train,factory_floor,mixed,inspect,inspect,ann_02,2026-01-16,cam_b,256,256,1053.603,False,0.346
img_00269,/mnt/data/optimus_vision_dataset_pipeline/data/raw/images/img_00269.png,train,warehouse,mixed,sit,sit,ann_03,2026-02-18,cam_a,256,256,1125.339,False,0.125
img_00270,/mnt/data/optimus_vision_dataset_pipeline/data/raw/images/img_00270.png,train,warehouse,bright,sit,sit,ann_05,2026-02-10,cam_c,256,256,678.032,True,0.153
img_00271,/mnt/data/optimus_vision_dataset_pipeline/data/raw/images/img_00271.png,val,outdoor_test,dim,inspect,inspect,ann_04,2026-02-21,cam_c,256,256,494.851,True,0.262
img_00272,/mnt/data/optimus_vision_dataset_pipeline/data/raw/images/img_00272.png,train,lab,dim,lift,lift,ann_07,2026-01-08,cam_c,256,256,101.28,False,0.229
img_00273,/mnt/data/optimus_vision_dataset_pipeline/data/raw/images/img_00273.png,train,warehouse,dim,sit,sit,ann_05,2026-01-11,cam_c,256,256,362.817,True,0.321
img_00274,/mnt/data/optimus_vision_dataset_pipeline/data/raw/images/img_00274.png,train,factory_floor,mixed,reach,reach,ann_02,2026-01-17,cam_b,256,256,1162.711,False,0.09
img_00275,/mnt/data/optimus_vision_dataset_pipeline/data/raw/images/img_00275.png,test,warehouse,dim,inspect,inspect,ann_05,2026-02-19,cam_b,256,256,530.848,False,0.25
img_00276,/mnt/data/optimus_vision_dataset_pipeline/data/raw/images/img_00276.png,test,warehouse,bright,walk,walk,ann_07,2026-02-28,cam_c,256,256,645.097,True,0.372
img_00277,/mnt/data/optimus_vision_dataset_pipeline/data/raw/images/img_00277.png,val,factory_floor,bright,lift,lift,ann_02,2026-02-06,cam_c,256,256,1064.798,False,0.164
img_00278,/mnt/data/optimus_vision_dataset_pipeline/data/raw/images/img_00278.png,train,warehouse,mixed,reach,reach,ann_05,2026-02-19,cam_c,256,256,724.993,True,0.353
img_00279,/mnt/data/optimus_vision_dataset_pipeline/data/raw/images/img_00279.png,val,lab,bright,reach,reach,ann_06,2026-02-07,cam_c,256,256,939.347,True,0.148
img_00280,/mnt/data/optimus_vision_dataset_pipeline/data/raw/images/img_00280.png,train,factory_floor,mixed,sit,sit,ann_01,2026-03-02,cam_c,256,256,651.335,True,0.397
img_00281,/mnt/data/optimus_vision_dataset_pipeline/data/raw/images/img_00281.png,train,warehouse,mixed,reach,reach,ann_05,2026-01-06,cam_b,256,256,940.266,True,0.26
img_00282,/mnt/data/optimus_vision_dataset_pipeline/data/raw/images/img_00282.png,train,factory_floor,mixed,walk,walk,ann_07,2026-01-05,cam_b,256,256,768.035,False,0.334
img_00283,/mnt/data/optimus_vision_dataset_pipeline/data/raw/images/img_00283.png,train,warehouse,dim,inspect,inspect,ann_07,2026-02-14,cam_c,256,256,644.701,False,0.169
img_00284,/mnt/data/optimus_vision_dataset_pipeline/data/raw/images/img_00284.png,train,lab,dim,reach,reach,ann_08,2026-01-21,cam_b,256,256,402.655,True,0.149
img_00285,/mnt/data/optimus_vision_dataset_pipeline/data/raw/images/img_00285.png,train,warehouse,mixed,sit,sit,ann_05,2026-02-22,cam_b,256,256,30.129,False,0.238
img_00286,/mnt/data/optimus_vision_dataset_pipeline/data/raw/images/img_00286.png,train,warehouse,bright,inspect,inspect,ann_05,2026-01-17,cam_b,256,256,1219.914,True,0.164
img_00287,/mnt/data/optimus_vision_dataset_pipeline/data/raw/images/img_00287.png,test,warehouse,dim,lift,lift,ann_02,2026-01-01,cam_b,256,256,27.336,False,0.165
img_00288,/mnt/data/optimus_vision_dataset_pipeline/data/raw/images/img_00288.png,val,factory_floor,bright,walk,walk,ann_05,2026-02-28,cam_a,256,256,752.199,False,0.294
img_00289,/mnt/data/optimus_vision_dataset_pipeline/data/raw/images/img_00289.png,val,warehouse,bright,walk,walk,ann_08,2026-01-04,cam_a,256,256,1013.593,False,0.111
img_00290,/mnt/data/optimus_vision_dataset_pipeline/data/raw/images/img_00290.png,val,outdoor_test,mixed,lift,lift,ann_05,2026-01-29,cam_b,256,256,908.174,True,0.312
img_00291,/mnt/data/optimus_vision_dataset_pipeline/data/raw/images/img_00291.png,test,warehouse,mixed,lift,lift,ann_08,2026-01-04,cam_c,256,256,1174.12,False,0.18
img_00292,/mnt/data/optimus_vision_dataset_pipeline/data/raw/images/img_00292.png,val,lab,dim,walk,walk,ann_01,2026-01-25,cam_a,256,256,649.228,False,0.381
img_00293,/mnt/data/optimus_vision_dataset_pipeline/data/raw/images/img_00293.png,train,outdoor_test,mixed,reach,reach,ann_01,2026-01-21,cam_b,256,256,1119.019,False,0.251
img_00294,/mnt/data/optimus_vision_dataset_pipeline/data/raw/images/img_00294.png,train,factory_floor,bright,inspect,inspect,ann_04,2026-01-11,cam_b,256,256,1212.084,False,0.24
img_00295,/mnt/data/optimus_vision_dataset_pipeline/data/raw/images/img_00295.png,train,factory_floor,mixed,walk,walk,ann_04,2026-02-06,cam_a,256,256,728.391,False,0.349
img_00296,/mnt/data/optimus_vision_dataset_pipeline/data/raw/images/img_00296.png,train,lab,bright,sit,sit,ann_01,2026-02-15,cam_a,256,256,968.675,False,0.354
img_00297,/mnt/data/optimus_vision_dataset_pipeline/data/raw/images/img_00297.png,val,factory_floor,mixed,reach,reach,ann_04,2026-01-02,cam_a,256,256,91.204,False,0.14
img_00298,/mnt/data/optimus_vision_dataset_pipeline/data/raw/images/img_00298.png,test,outdoor_test,bright,inspect,inspect,ann_06,2026-01-04,cam_b,256,256,977.085,False,0.124
img_00299,/mnt/data/optimus_vision_dataset_pipeline/data/raw/images/img_00299.png,train,factory_floor,mixed,walk,walk,ann_06,2026-02-15,cam_c,256,256,1064.077,False,0.368
img_00300,/mnt/data/optimus_vision_dataset_pipeline/data/raw/images/img_00300.png,train,warehouse,dim,sit,sit,ann_06,2026-01-12,cam_b,256,256,574.869,True,0.134
img_00301,/mnt/data/optimus_vision_dataset_pipeline/data/raw/images/img_00301.png,test,lab,bright,inspect,inspect,ann_01,2026-03-02,cam_c,256,256,1038.684,False,0.209
img_00302,/mnt/data/optimus_vision_dataset_pipeline/data/raw/images/img_00302.png,train,outdoor_test,mixed,inspect,inspect,ann_02,2026-03-01,cam_a,256,256,1037.212,False,0.393
img_00303,/mnt/data/optimus_vision_dataset_pipeline/data/raw/images/img_00303.png,train,factory_floor,dim,sit,sit,ann_02,2026-02-22,cam_c,256,256,472.576,False,0.414
img_00304,/mnt/data/optimus_vision_dataset_pipeline/data/raw/images/img_00304.png,train,outdoor_test,bright,reach,reach,ann_01,2026-01-04,cam_b,256,256,959.004,False,0.103
img_00305,/mnt/data/optimus_vision_dataset_pipeline/data/raw/images/img_00305.png,train,outdoor_test,mixed,sit,sit,ann_07,2026-01-07,cam_b,256,256,1096.738,False,0.248
img_00306,/mnt/data/optimus_vision_dataset_pipeline/data/raw/images/img_00306.png,train,factory_floor,bright,sit,sit,ann_02,2026-01-05,cam_b,256,256,695.23,False,0.091
img_00307,/mnt/data/optimus_vision_dataset_pipeline/data/raw/images/img_00307.png,train,factory_floor,dim,reach,reach,ann_08,2026-02-15,cam_a,256,256,434.832,False,0.385
img_00308,/mnt/data/optimus_vision_dataset_pipeline/data/raw/images/img_00308.png,test,outdoor_test,mixed,walk,walk,ann_04,2026-01-27,cam_a,256,256,771.463,False,0.133
img_00309,/mnt/data/optimus_vision_dataset_pipeline/data/raw/images/img_00309.png,train,lab,mixed,inspect,inspect,ann_03,2026-01-04,cam_b,256,256,1385.104,False,0.097
img_00310,/mnt/data/optimus_vision_dataset_pipeline/data/raw/images/img_00310.png,train,warehouse,dim,reach,reach,ann_01,2026-01-14,cam_a,256,256,680.23,False,0.293
img_00311,/mnt/data/optimus_vision_dataset_pipeline/data/raw/images/img_00311.png,train,lab,bright,lift,lift,ann_05,2026-01-06,cam_b,256,256,1188.318,False,0.215
img_00312,/mnt/data/optimus_vision_dataset_pipeline/data/raw/images/img_00312.png,val,outdoor_test,bright,inspect,inspect,ann_05,2026-01-15,cam_b,256,256,1087.93,False,0.232
img_00313,/mnt/data/optimus_vision_dataset_pipeline/data/raw/images/img_00313.png,train,warehouse,bright,reach,reach,ann_04,2026-02-05,cam_c,256,256,1306.105,True,0.197
img_00314,/mnt/data/optimus_vision_dataset_pipeline/data/raw/images/img_00314.png,test,outdoor_test,mixed,walk,walk,ann_02,2026-01-26,cam_b,256,256,922.983,False,0.398
img_00315,/mnt/data/optimus_vision_dataset_pipeline/data/raw/images/img_00315.png,train,factory_floor,bright,walk,walk,ann_03,2026-01-03,cam_b,256,256,892.689,False,0.137
img_00316,/mnt/data/optimus_vision_dataset_pipeline/data/raw/images/img_00316.png,train,warehouse,mixed,sit,sit,ann_02,2026-01-06,cam_b,256,256,940.307,False,0.293
img_00317,/mnt/data/optimus_vision_dataset_pipeline/data/raw/images/img_00317.png,train,outdoor_test,mixed,sit,sit,ann_07,2026-01-08,cam_b,256,256,690.835,False,0.392
img_00318,/mnt/data/optimus_vision_dataset_pipeline/data/raw/images/img_00318.png,test,factory_floor,bright,sit,sit,ann_02,2026-02-20,cam_c,256,256,774.151,False,0.408
img_00319,/mnt/data/optimus_vision_dataset_pipeline/data/raw/images/img_00319.png,val,lab,dim,reach,reach,ann_03,2026-02-09,cam_b,256,256,76.32,False,0.274
img_00320,/mnt/data/optimus_vision_dataset_pipeline/data/raw/images/img_00320.png,train,outdoor_test,bright,inspect,inspect,ann_06,2026-01-02,cam_b,256,256,1387.138,False,0.097
img_00321,/mnt/data/optimus_vision_dataset_pipeline/data/raw/images/img_00321.png,val,lab,dim,reach,reach,ann_08,2026-02-19,cam_b,256,256,471.849,False,0.313
img_00322,/mnt/data/optimus_vision_dataset_pipeline/data/raw/images/img_00322.png,test,lab,mixed,reach,reach,ann_07,2026-02-17,cam_b,256,256,830.458,False,0.144
img_00323,/mnt/data/optimus_vision_dataset_pipeline/data/raw/images/img_00323.png,train,lab,bright,sit,sit,ann_01,2026-01-12,cam_c,256,256,902.067,True,0.321
img_00324,/mnt/data/optimus_vision_dataset_pipeline/data/raw/images/img_00324.png,train,factory_floor,bright,lift,lift,ann_08,2026-02-02,cam_a,256,256,920.028,False,0.392
img_00325,/mnt/data/optimus_vision_dataset_pipeline/data/raw/images/img_00325.png,train,warehouse,mixed,sit,sit,ann_08,2026-02-07,cam_a,256,256,845.954,False,0.282
img_00326,/mnt/data/optimus_vision_dataset_pipeline/data/raw/images/img_00326.png,train,lab,dim,inspect,inspect,ann_04,2026-02-24,cam_a,256,256,125.488,False,0.314
img_00327,/mnt/data/optimus_vision_dataset_pipeline/data/raw/images/img_00327.png,train,factory_floor,mixed,lift,lift,ann_03,2026-02-11,cam_a,256,256,710.559,False,0.255
img_00328,/mnt/data/optimus_vision_dataset_pipeline/data/raw/images/img_00328.png,test,warehouse,bright,lift,lift,ann_07,2026-02-24,cam_b,256,256,1003.091,False,0.184
img_00329,/mnt/data/optimus_vision_dataset_pipeline/data/raw/images/img_00329.png,val,outdoor_test,dim,reach,reach,ann_01,2026-02-02,cam_a,256,256,631.74,False,0.257
img_00330,/mnt/data/optimus_vision_dataset_pipeline/data/raw/images/img_00330.png,train,lab,dim,reach,reach,ann_05,2026-01-17,cam_c,256,256,502.65,False,0.194
img_00331,/mnt/data/optimus_vision_dataset_pipeline/data/raw/images/img_00331.png,train,factory_floor,bright,reach,reach,ann_03,2026-02-16,cam_c,256,256,1133.055,False,0.354
img_00332,/mnt/data/optimus_vision_dataset_pipeline/data/raw/images/img_00332.png,val,outdoor_test,dim,walk,walk,ann_04,2026-02-13,cam_b,256,256,490.112,False,0.33
img_00333,/mnt/data/optimus_vision_dataset_pipeline/data/raw/images/img_00333.png,test,outdoor_test,mixed,inspect,inspect,ann_08,2026-01-09,cam_b,256,256,986.982,False,0.138
img_00334,/mnt/data/optimus_vision_dataset_pipeline/data/raw/images/img_00334.png,train,factory_floor,mixed,reach,reach,ann_06,2026-01-24,cam_b,256,256,1018.701,False,0.156
img_00335,/mnt/data/optimus_vision_dataset_pipeline/data/raw/images/img_00335.png,val,lab,dim,reach,reach,ann_02,2026-02-25,cam_a,256,256,385.865,True,0.296
img_00336,/mnt/data/optimus_vision_dataset_pipeline/data/raw/images/img_00336.png,train,lab,dim,sit,sit,ann_06,2026-02-25,cam_a,256,256,490.783,True,0.148
img_00337,/mnt/data/optimus_vision_dataset_pipeline/data/raw/images/img_00337.png,train,warehouse,dim,lift,lift,ann_03,2026-02-06,cam_b,256,256,684.839,False,0.1
img_00338,/mnt/data/optimus_vision_dataset_pipeline/data/raw/images/img_00338.png,test,outdoor_test,bright,lift,lift,ann_07,2026-01-01,cam_a,256,256,1214.648,False,0.226
img_00339,/mnt/data/optimus_vision_dataset_pipeline/data/raw/images/img_00339.png,train,factory_floor,mixed,walk,walk,ann_01,2026-02-10,cam_b,256,256,1270.328,False,0.337
img_00340,/mnt/data/optimus_vision_dataset_pipeline/data/raw/images/img_00340.png,train,factory_floor,mixed,lift,lift,ann_05,2026-01-30,cam_b,256,256,1073.419,True,0.21
img_00341,/mnt/data/optimus_vision_dataset_pipeline/data/raw/images/img_00341.png,train,lab,dim,inspect,inspect,ann_03,2026-03-02,cam_c,256,256,623.798,False,0.386
img_00342,/mnt/data/optimus_vision_dataset_pipeline/data/raw/images/img_00342.png,train,warehouse,bright,sit,sit,ann_06,2026-02-15,cam_a,256,256,1234.609,False,0.087
img_00343,/mnt/data/optimus_vision_dataset_pipeline/data/raw/images/img_00343.png,test,outdoor_test,mixed,walk,walk,ann_01,2026-01-04,cam_b,256,256,724.004,False,0.282
img_00344,/mnt/data/optimus_vision_dataset_pipeline/data/raw/images/img_00344.png,train,outdoor_test,dim,walk,walk,ann_01,2026-01-20,cam_b,256,256,464.706,False,0.241
img_00345,/mnt/data/optimus_vision_dataset_pipeline/data/raw/images/img_00345.png,train,warehouse,mixed,sit,sit,ann_02,2026-02-02,cam_c,256,256,1125.339,False,0.318
img_00346,/mnt/data/optimus_vision_dataset_pipeline/data/raw/images/img_00346.png,train,warehouse,dim,inspect,inspect,ann_04,2026-01-23,cam_a,256,256,597.718,False,0.287
img_00347,/mnt/data/optimus_vision_dataset_pipeline/data/raw/images/img_00347.png,test,lab,bright,sit,sit,ann_01,2026-01-01,cam_a,256,256,1111.216,False,0.151
img_00348,/mnt/data/optimus_vision_dataset_pipeline/data/raw/images/img_00348.png,val,warehouse,mixed,walk,walk,ann_04,2026-01-30,cam_c,256,256,79.394,True,0.111
img_00349,/mnt/data/optimus_vision_dataset_pipeline/data/raw/images/img_00349.png,train,lab,dim,reach,reach,ann_06,2026-01-28,cam_a,256,256,508.976,False,0.377
img_00350,/mnt/data/optimus_vision_dataset_pipeline/data/raw/images/img_00350.png,train,warehouse,bright,walk,walk,ann_05,2026-02-26,cam_a,256,256,1041.325,False,0.138
img_00351,/mnt/data/optimus_vision_dataset_pipeline/data/raw/images/img_00351.png,train,lab,dim,walk,walk,ann_08,2026-02-21,cam_a,256,256,485.805,False,0.407
img_00352,/mnt/data/optimus_vision_dataset_pipeline/data/raw/images/img_00352.png,train,factory_floor,bright,sit,sit,ann_08,2026-02-21,cam_a,256,256,782.33,False,0.367
img_00353,/mnt/data/optimus_vision_dataset_pipeline/data/raw/images/img_00353.png,val,outdoor_test,bright,inspect,inspect,ann_08,2026-01-08,cam_c,256,256,918.893,False,0.288
img_00354,/mnt/data/optimus_vision_dataset_pipeline/data/raw/images/img_00354.png,train,outdoor_test,bright,sit,sit,ann_04,2026-02-12,cam_a,256,256,1286.366,False,0.084
img_00355,/mnt/data/optimus_vision_dataset_pipeline/data/raw/images/img_00355.png,train,warehouse,dim,reach,reach,ann_01,2026-01-01,cam_c,256,256,614.298,False,0.306
img_00356,/mnt/data/optimus_vision_dataset_pipeline/data/raw/images/img_00356.png,train,outdoor_test,dim,lift,lift,ann_01,2026-02-02,cam_a,256,256,609.883,False,0.189
img_00357,/mnt/data/optimus_vision_dataset_pipeline/data/raw/images/img_00357.png,train,outdoor_test,dim,lift,lift,ann_06,2026-01-08,cam_a,256,256,49.273,False,0.352
img_00358,/mnt/data/optimus_vision_dataset_pipeline/data/raw/images/img_00358.png,val,warehouse,bright,sit,sit,ann_05,2026-02-26,cam_b,256,256,674.821,True,0.267
img_00359,/mnt/data/optimus_vision_dataset_pipeline/data/raw/images/img_00359.png,val,factory_floor,mixed,inspect,inspect,ann_08,2026-01-22,cam_c,256,256,822.855,False,0.204
img_00360,/mnt/data/optimus_vision_dataset_pipeline/data/raw/images/img_00360.png,train,outdoor_test,mixed,inspect,inspect,ann_05,2026-02-05,cam_c,256,256,94.118,False,0.119
img_00361,/mnt/data/optimus_vision_dataset_pipeline/data/raw/images/img_00361.png,train,lab,mixed,inspect,inspect,ann_04,2026-01-08,cam_a,256,256,67.448,False,0.247
img_00362,/mnt/data/optimus_vision_dataset_pipeline/data/raw/images/img_00362.png,train,factory_floor,dim,sit,sit,ann_03,2026-02-01,cam_a,256,256,410.836,True,0.221
img_00363,/mnt/data/optimus_vision_dataset_pipeline/data/raw/images/img_00363.png,test,warehouse,mixed,walk,walk,ann_03,2026-02-16,cam_b,256,256,839.199,False,0.253
img_00364,/mnt/data/optimus_vision_dataset_pipeline/data/raw/images/img_00364.png,test,warehouse,dim,lift,lift,ann_04,2026-01-18,cam_c,256,256,638.132,False,0.189
img_00365,/mnt/data/optimus_vision_dataset_pipeline/data/raw/images/img_00365.png,train,lab,dim,sit,sit,ann_06,2026-02-15,cam_b,256,256,593.525,True,0.285
img_00366,/mnt/data/optimus_vision_dataset_pipeline/data/raw/images/img_00366.png,test,factory_floor,bright,inspect,inspect,ann_03,2026-02-02,cam_a,256,256,915.243,False,0.313
img_00367,/mnt/data/optimus_vision_dataset_pipeline/data/raw/images/img_00367.png,train,lab,mixed,inspect,inspect,ann_05,2026-02-26,cam_a,256,256,1200.532,False,0.278
img_00368,/mnt/data/optimus_vision_dataset_pipeline/data/raw/images/img_00368.png,train,warehouse,mixed,sit,sit,ann_03,2026-01-19,cam_a,256,256,725.033,False,0.098
img_00369,/mnt/data/optimus_vision_dataset_pipeline/data/raw/images/img_00369.png,train,factory_floor,bright,reach,reach,ann_02,2026-02-09,cam_c,256,256,1075.359,False,0.264
img_00370,/mnt/data/optimus_vision_dataset_pipeline/data/raw/images/img_00370.png,test,factory_floor,mixed,inspect,inspect,ann_01,2026-03-01,cam_c,256,256,1115.107,False,0.254
img_00371,/mnt/data/optimus_vision_dataset_pipeline/data/raw/images/img_00371.png,train,outdoor_test,dim,sit,sit,ann_08,2026-02-23,cam_c,256,256,533.514,False,0.098
img_00372,/mnt/data/optimus_vision_dataset_pipeline/data/raw/images/img_00372.png,test,lab,mixed,lift,lift,ann_03,2026-02-13,cam_c,256,256,833.615,False,0.326
img_00373,/mnt/data/optimus_vision_dataset_pipeline/data/raw/images/img_00373.png,test,factory_floor,bright,walk,walk,ann_05,2026-01-01,cam_c,256,256,942.543,True,0.094
img_00374,/mnt/data/optimus_vision_dataset_pipeline/data/raw/images/img_00374.png,train,outdoor_test,mixed,reach,reach,ann_05,2026-02-01,cam_a,256,256,673.423,True,0.19
img_00375,/mnt/data/optimus_vision_dataset_pipeline/data/raw/images/img_00375.png,train,lab,bright,inspect,inspect,ann_07,2026-02-04,cam_c,256,256,94.752,False,0.405
img_00376,/mnt/data/optimus_vision_dataset_pipeline/data/raw/images/img_00376.png,train,outdoor_test,bright,inspect,inspect,ann_04,2026-03-02,cam_b,256,256,1183.902,False,0.306
img_00377,/mnt/data/optimus_vision_dataset_pipeline/data/raw/images/img_00377.png,train,outdoor_test,mixed,inspect,inspect,ann_04,2026-01-03,cam_c,256,256,971.21,True,0.198
img_00378,/mnt/data/optimus_vision_dataset_pipeline/data/raw/images/img_00378.png,train,outdoor_test,bright,reach,reach,ann_06,2026-02-02,cam_b,256,256,1291.322,False,0.176
img_00379,/mnt/data/optimus_vision_dataset_pipeline/data/raw/images/img_00379.png,train,outdoor_test,dim,inspect,inspect,ann_01,2026-02-10,cam_a,256,256,143.952,False,0.145
img_00380,/mnt/data/optimus_vision_dataset_pipeline/data/raw/images/img_00380.png,train,factory_floor,mixed,walk,walk,ann_07,2026-02-11,cam_c,256,256,776.126,False,0.224
img_00381,/mnt/data/optimus_vision_dataset_pipeline/data/raw/images/img_00381.png,train,factory_floor,bright,walk,walk,ann_04,2026-02-28,cam_b,256,256,752.368,True,0.105
img_00382,/mnt/data/optimus_vision_dataset_pipeline/data/raw/images/img_00382.png,val,outdoor_test,dim,reach,reach,ann_02,2026-02-18,cam_b,256,256,455.286,False,0.086
img_00383,/mnt/data/optimus_vision_dataset_pipeline/data/raw/images/img_00383.png,train,warehouse,mixed,inspect,inspect,ann_05,2026-02-18,cam_a,256,256,1123.94,False,0.116
img_00384,/mnt/data/optimus_vision_dataset_pipeline/data/raw/images/img_00384.png,train,outdoor_test,dim,sit,sit,ann_05,2026-02-10,cam_c,256,256,455.94,False,0.261
img_00385,/mnt/data/optimus_vision_dataset_pipeline/data/raw/images/img_00385.png,train,lab,mixed,lift,lift,ann_01,2026-02-06,cam_c,256,256,783.277,False,0.084
img_00386,/mnt/data/optimus_vision_dataset_pipeline/data/raw/images/img_00386.png,train,outdoor_test,mixed,inspect,inspect,ann_03,2026-01-11,cam_c,256,256,1205.978,False,0.334
img_00387,/mnt/data/optimus_vision_dataset_pipeline/data/raw/images/img_00387.png,train,factory_floor,mixed,lift,lift,ann_02,2026-01-19,cam_b,256,256,706.66,True,0.308
img_00388,/mnt/data/optimus_vision_dataset_pipeline/data/raw/images/img_00388.png,test,lab,bright,walk,walk,ann_04,2026-01-07,cam_a,256,256,728.352,False,0.192
img_00389,/mnt/data/optimus_vision_dataset_pipeline/data/raw/images/img_00389.png,val,warehouse,bright,reach,reach,ann_03,2026-02-06,cam_b,256,256,1006.066,False,0.29
img_00390,/mnt/data/optimus_vision_dataset_pipeline/data/raw/images/img_00390.png,train,lab,dim,inspect,inspect,ann_05,2026-02-23,cam_b,256,256,509.558,True,0.164
img_00391,/mnt/data/optimus_vision_dataset_pipeline/data/raw/images/img_00391.png,train,factory_floor,mixed,reach,reach,ann_08,2026-02-05,cam_c,256,256,1075.359,False,0.237
img_00392,/mnt/data/optimus_vision_dataset_pipeline/data/raw/images/img_00392.png,train,factory_floor,mixed,walk,walk,ann_04,2026-01-17,cam_c,256,256,808.134,False,0.372
img_00393,/mnt/data/optimus_vision_dataset_pipeline/data/raw/images/img_00393.png,train,warehouse,bright,walk,walk,ann_05,2026-02-04,cam_c,256,256,881.371,False,0.277
img_00394,/mnt/data/optimus_vision_dataset_pipeline/data/raw/images/img_00394.png,train,outdoor_test,mixed,inspect,inspect,ann_02,2026-01-26,cam_a,256,256,1130.064,False,0.383
img_00395,/mnt/data/optimus_vision_dataset_pipeline/data/raw/images/img_00395.png,test,warehouse,mixed,reach,reach,ann_03,2026-02-06,cam_a,256,256,813.919,False,0.337
img_00396,/mnt/data/optimus_vision_dataset_pipeline/data/raw/images/img_00396.png,val,factory_floor,mixed,inspect,inspect,ann_05,2026-01-24,cam_c,256,256,1405.135,False,0.094
img_00397,/mnt/data/optimus_vision_dataset_pipeline/data/raw/images/img_00397.png,test,warehouse,mixed,lift,lift,ann_01,2026-01-03,cam_a,256,256,1259.706,False,0.203
img_00398,/mnt/data/optimus_vision_dataset_pipeline/data/raw/images/img_00398.png,train,warehouse,mixed,reach,reach,ann_07,2026-02-11,cam_c,256,256,1300.233,False,0.17
img_00399,/mnt/data/optimus_vision_dataset_pipeline/data/raw/images/img_00399.png,train,lab,mixed,sit,sit,ann_06,2026-02-22,cam_c,256,256,827.812,False,0.208
img_00400,/mnt/data/optimus_vision_dataset_pipeline/data/raw/images/img_00400.png,train,outdoor_test,dim,reach,reach,ann_05,2026-01-14,cam_c,256,256,480.342,False,0.127
img_00401,/mnt/data/optimus_vision_dataset_pipeline/data/raw/images/img_00401.png,test,factory_floor,bright,lift,lift,ann_06,2026-02-16,cam_b,256,256,957.787,False,0.12
img_00402,/mnt/data/optimus_vision_dataset_pipeline/data/raw/images/img_00402.png,val,outdoor_test,mixed,walk,walk,ann_03,2026-01-09,cam_b,256,256,233.235,False,0.135
img_00403,/mnt/data/optimus_vision_dataset_pipeline/data/raw/images/img_00403.png,train,warehouse,mixed,inspect,inspect,ann_01,2026-02-26,cam_a,256,256,1346.45,True,0.394
img_00404,/mnt/data/optimus_vision_dataset_pipeline/data/raw/images/img_00404.png,test,warehouse,bright,reach,reach,ann_07,2026-02-08,cam_b,256,256,847.305,False,0.375
img_00405,/mnt/data/optimus_vision_dataset_pipeline/data/raw/images/img_00405.png,test,factory_floor,mixed,lift,lift,ann_02,2026-01-15,cam_c,256,256,1095.179,False,0.326
img_00406,/mnt/data/optimus_vision_dataset_pipeline/data/raw/images/img_00406.png,train,outdoor_test,bright,sit,sit,ann_03,2026-02-08,cam_a,256,256,1255.846,False,0.372
img_00407,/mnt/data/optimus_vision_dataset_pipeline/data/raw/images/img_00407.png,test,factory_floor,dim,walk,walk,ann_03,2026-02-27,cam_c,256,256,704.804,True,0.347
img_00408,/mnt/data/optimus_vision_dataset_pipeline/data/raw/images/img_00408.png,val,warehouse,mixed,inspect,inspect,ann_07,2026-01-15,cam_c,256,256,804.944,False,0.206
img_00409,/mnt/data/optimus_vision_dataset_pipeline/data/raw/images/img_00409.png,test,outdoor_test,dim,sit,sit,ann_07,2026-01-17,cam_c,256,256,680.634,True,0.126
img_00410,/mnt/data/optimus_vision_dataset_pipeline/data/raw/images/img_00410.png,train,warehouse,mixed,lift,lift,ann_04,2026-02-14,cam_c,256,256,693.963,False,0.12
img_00411,/mnt/data/optimus_vision_dataset_pipeline/data/raw/images/img_00411.png,train,outdoor_test,dim,reach,reach,ann_07,2026-02-06,cam_a,256,256,539.86,False,0.279
img_00412,/mnt/data/optimus_vision_dataset_pipeline/data/raw/images/img_00412.png,train,lab,mixed,reach,reach,ann_08,2026-01-17,cam_b,256,256,1125.542,False,0.346
img_00413,/mnt/data/optimus_vision_dataset_pipeline/data/raw/images/img_00413.png,train,lab,mixed,reach,reach,ann_03,2026-01-07,cam_b,256,256,846.576,False,0.304
img_00414,/mnt/data/optimus_vision_dataset_pipeline/data/raw/images/img_00414.png,test,outdoor_test,dim,lift,lift,ann_01,2026-02-21,cam_c,256,256,494.034,False,0.32
img_00415,/mnt/data/optimus_vision_dataset_pipeline/data/raw/images/img_00415.png,val,factory_floor,dim,walk,walk,ann_05,2026-02-15,cam_c,256,256,122.361,True,0.169
img_00416,/mnt/data/optimus_vision_dataset_pipeline/data/raw/images/img_00416.png,val,warehouse,bright,inspect,inspect,ann_01,2026-02-20,cam_c,256,256,1437.025,False,0.149
img_00417,/mnt/data/optimus_vision_dataset_pipeline/data/raw/images/img_00417.png,train,factory_floor,mixed,inspect,inspect,ann_07,2026-01-23,cam_a,256,256,105.293,False,0.303
img_00418,/mnt/data/optimus_vision_dataset_pipeline/data/raw/images/img_00418.png,test,outdoor_test,mixed,sit,sit,ann_06,2026-01-23,cam_a,256,256,723.631,True,0.319
img_00419,/mnt/data/optimus_vision_dataset_pipeline/data/raw/images/img_00419.png,val,factory_floor,mixed,reach,reach,ann_02,2026-02-05,cam_a,256,256,963.14,False,0.275
img_00420,/mnt/data/optimus_vision_dataset_pipeline/data/raw/images/img_00420.png,test,lab,dim,walk,walk,ann_07,2026-02-06,cam_a,256,256,479.692,False,0.378
img_00421,/mnt/data/optimus_vision_dataset_pipeline/data/raw/images/img_00421.png,val,factory_floor,dim,sit,sit,ann_04,2026-02-13,cam_b,256,256,136.525,False,0.373
img_00422,/mnt/data/optimus_vision_dataset_pipeline/data/raw/images/img_00422.png,test,lab,dim,lift,lift,ann_02,2026-01-26,cam_b,256,256,508.173,False,0.318
img_00423,/mnt/data/optimus_vision_dataset_pipeline/data/raw/images/img_00423.png,val,warehouse,mixed,reach,reach,ann_04,2026-02-01,cam_a,256,256,960.502,False,0.154
img_00424,/mnt/data/optimus_vision_dataset_pipeline/data/raw/images/img_00424.png,train,factory_floor,mixed,lift,lift,ann_06,2026-01-10,cam_a,256,256,976.962,False,0.149
img_00425,/mnt/data/optimus_vision_dataset_pipeline/data/raw/images/img_00425.png,val,warehouse,bright,walk,walk,ann_08,2026-01-24,cam_c,256,256,1274.852,False,0.34
img_00426,/mnt/data/optimus_vision_dataset_pipeline/data/raw/images/img_00426.png,train,lab,dim,inspect,inspect,ann_04,2026-02-18,cam_c,256,256,742.118,False,0.415
img_00427,/mnt/data/optimus_vision_dataset_pipeline/data/raw/images/img_00427.png,val,factory_floor,bright,inspect,inspect,ann_03,2026-01-30,cam_c,256,256,1428.976,False,0.264
img_00428,/mnt/data/optimus_vision_dataset_pipeline/data/raw/images/img_00428.png,train,outdoor_test,dim,walk,walk,ann_03,2026-02-05,cam_c,256,256,414.508,True,0.152
img_00429,/mnt/data/optimus_vision_dataset_pipeline/data/raw/images/img_00429.png,test,factory_floor,dim,reach,reach,ann_06,2026-01-24,cam_b,256,256,651.003,False,0.143
img_00430,/mnt/data/optimus_vision_dataset_pipeline/data/raw/images/img_00430.png,test,lab,dim,sit,sit,ann_04,2026-02-05,cam_a,256,256,443.619,True,0.276
img_00431,/mnt/data/optimus_vision_dataset_pipeline/data/raw/images/img_00431.png,train,outdoor_test,bright,sit,sit,ann_06,2026-02-20,cam_a,256,256,1144.67,False,0.083
img_00432,/mnt/data/optimus_vision_dataset_pipeline/data/raw/images/img_00432.png,test,lab,dim,sit,sit,ann_02,2026-01-29,cam_c,256,256,17.366,True,0.114
img_00433,/mnt/data/optimus_vision_dataset_pipeline/data/raw/images/img_00433.png,test,lab,dim,reach,reach,ann_04,2026-02-06,cam_b,256,256,100.803,False,0.355
img_00434,/mnt/data/optimus_vision_dataset_pipeline/data/raw/images/img_00434.png,train,factory_floor,dim,inspect,inspect,ann_07,2026-02-09,cam_b,256,256,751.399,False,0.246
img_00435,/mnt/data/optimus_vision_dataset_pipeline/data/raw/images/img_00435.png,train,outdoor_test,mixed,reach,reach,ann_07,2026-02-24,cam_a,256,256,1157.895,False,0.396
img_00436,/mnt/data/optimus_vision_dataset_pipeline/data/raw/images/img_00436.png,train,warehouse,bright,walk,walk,ann_07,2026-01-18,cam_b,256,256,941.663,False,0.302
img_00437,/mnt/data/optimus_vision_dataset_pipeline/data/raw/images/img_00437.png,test,lab,mixed,sit,sit,ann_03,2026-02-16,cam_c,256,256,788.361,False,0.221
img_00438,/mnt/data/optimus_vision_dataset_pipeline/data/raw/images/img_00438.png,train,lab,mixed,lift,lift,ann_01,2026-01-02,cam_c,256,256,25.878,False,0.215
img_00439,/mnt/data/optimus_vision_dataset_pipeline/data/raw/images/img_00439.png,test,warehouse,bright,sit,sit,ann_08,2026-02-10,cam_b,256,256,1064.429,True,0.303
img_00440,/mnt/data/optimus_vision_dataset_pipeline/data/raw/images/img_00440.png,train,factory_floor,mixed,lift,lift,ann_05,2026-02-05,cam_a,256,256,994.313,True,0.201
img_00441,/mnt/data/optimus_vision_dataset_pipeline/data/raw/images/img_00441.png,train,factory_floor,mixed,sit,sit,ann_05,2026-02-28,cam_c,256,256,1159.441,False,0.235
img_00442,/mnt/data/optimus_vision_dataset_pipeline/data/raw/images/img_00442.png,train,outdoor_test,mixed,reach,reach,ann_01,2026-01-01,cam_a,256,256,967.448,False,0.204
img_00443,/mnt/data/optimus_vision_dataset_pipeline/data/raw/images/img_00443.png,val,factory_floor,dim,inspect,inspect,ann_08,2026-01-20,cam_b,256,256,786.534,False,0.314
img_00444,/mnt/data/optimus_vision_dataset_pipeline/data/raw/images/img_00444.png,train,outdoor_test,dim,walk,walk,ann_07,2026-01-26,cam_c,256,256,490.112,False,0.266
img_00445,/mnt/data/optimus_vision_dataset_pipeline/data/raw/images/img_00445.png,val,factory_floor,mixed,lift,lift,ann_04,2026-02-03,cam_c,256,256,786.272,False,0.155
img_00446,/mnt/data/optimus_vision_dataset_pipeline/data/raw/images/img_00446.png,test,lab,dim,inspect,inspect,ann_05,2026-01-08,cam_c,256,256,436.416,False,0.22
img_00447,/mnt/data/optimus_vision_dataset_pipeline/data/raw/images/img_00447.png,test,outdoor_test,dim,sit,sit,ann_03,2026-01-07,cam_c,256,256,30.762,False,0.189
img_00448,/mnt/data/optimus_vision_dataset_pipeline/data/raw/images/img_00448.png,val,lab,bright,reach,reach,ann_07,2026-01-20,cam_c,256,256,109.037,False,0.159
img_00449,/mnt/data/optimus_vision_dataset_pipeline/data/raw/images/img_00449.png,train,lab,dim,sit,sit,ann_02,2026-02-04,cam_c,256,256,18.59,False,0.367
img_00450,/mnt/data/optimus_vision_dataset_pipeline/data/raw/images/img_00450.png,val,factory_floor,bright,sit,sit,ann_08,2026-01-16,cam_b,256,256,934.974,False,0.121
img_00451,/mnt/data/optimus_vision_dataset_pipeline/data/raw/images/img_00451.png,train,factory_floor,dim,walk,walk,ann_05,2026-03-01,cam_c,256,256,675.395,False,0.414
img_00452,/mnt/data/optimus_vision_dataset_pipeline/data/raw/images/img_00452.png,train,factory_floor,mixed,reach,reach,ann_05,2026-01-13,cam_c,256,256,807.883,False,0.267
img_00453,/mnt/data/optimus_vision_dataset_pipeline/data/raw/images/img_00453.png,train,warehouse,mixed,reach,reach,ann_05,2026-02-07,cam_a,256,256,687.034,False,0.228
img_00454,/mnt/data/optimus_vision_dataset_pipeline/data/raw/images/img_00454.png,train,outdoor_test,bright,walk,walk,ann_02,2026-01-16,cam_a,256,256,828.452,False,0.315
img_00455,/mnt/data/optimus_vision_dataset_pipeline/data/raw/images/img_00455.png,test,outdoor_test,bright,lift,lift,ann_02,2026-01-09,cam_c,256,256,39.384,False,0.41
img_00456,/mnt/data/optimus_vision_dataset_pipeline/data/raw/images/img_00456.png,train,factory_floor,dim,sit,sit,ann_03,2026-01-17,cam_c,256,256,45.049,False,0.229
img_00457,/mnt/data/optimus_vision_dataset_pipeline/data/raw/images/img_00457.png,test,outdoor_test,mixed,walk,walk,ann_06,2026-01-21,cam_b,256,256,870.787,False,0.317
img_00458,/mnt/data/optimus_vision_dataset_pipeline/data/raw/images/img_00458.png,train,lab,mixed,sit,sit,ann_08,2026-01-01,cam_c,256,256,865.101,True,0.133
img_00459,/mnt/data/optimus_vision_dataset_pipeline/data/raw/images/img_00459.png,train,outdoor_test,mixed,inspect,inspect,ann_02,2026-02-12,cam_a,256,256,1057.768,False,0.204
img_00460,/mnt/data/optimus_vision_dataset_pipeline/data/raw/images/img_00460.png,val,outdoor_test,bright,inspect,inspect,ann_06,2026-01-08,cam_c,256,256,1119.471,False,0.132
img_00461,/mnt/data/optimus_vision_dataset_pipeline/data/raw/images/img_00461.png,train,warehouse,bright,walk,walk,ann_01,2026-02-06,cam_a,256,256,1204.52,False,0.149
img_00462,/mnt/data/optimus_vision_dataset_pipeline/data/raw/images/img_00462.png,test,outdoor_test,mixed,sit,sit,ann_08,2026-03-01,cam_c,256,256,22.716,False,0.205
img_00463,/mnt/data/optimus_vision_dataset_pipeline/data/raw/images/img_00463.png,train,outdoor_test,mixed,walk,walk,ann_01,2026-02-22,cam_a,256,256,1135.71,False,0.399
img_00464,/mnt/data/optimus_vision_dataset_pipeline/data/raw/images/img_00464.png,train,lab,mixed,inspect,inspect,ann_02,2026-01-07,cam_a,256,256,943.886,False,0.106
img_00465,/mnt/data/optimus_vision_dataset_pipeline/data/raw/images/img_00465.png,test,outdoor_test,bright,lift,lift,ann_07,2026-02-17,cam_a,256,256,896.115,False,0.274
img_00466,/mnt/data/optimus_vision_dataset_pipeline/data/raw/images/img_00466.png,val,lab,mixed,walk,walk,ann_06,2026-02-12,cam_b,256,256,781.492,False,0.137
img_00467,/mnt/data/optimus_vision_dataset_pipeline/data/raw/images/img_00467.png,test,outdoor_test,dim,lift,lift,ann_07,2026-02-22,cam_b,256,256,640.708,False,0.19
img_00468,/mnt/data/optimus_vision_dataset_pipeline/data/raw/images/img_00468.png,train,factory_floor,mixed,reach,reach,ann_08,2026-01-29,cam_c,256,256,954.796,False,0.267
img_00469,/mnt/data/optimus_vision_dataset_pipeline/data/raw/images/img_00469.png,train,warehouse,mixed,sit,sit,ann_04,2026-02-24,cam_a,256,256,27.049,False,0.256
img_00470,/mnt/data/optimus_vision_dataset_pipeline/data/raw/images/img_00470.png,test,warehouse,mixed,reach,reach,ann_03,2026-01-09,cam_b,256,256,62.09,False,0.274
img_00471,/mnt/data/optimus_vision_dataset_pipeline/data/raw/images/img_00471.png,train,lab,mixed,reach,reach,ann_04,2026-02-16,cam_a,256,256,1033.97,False,0.182
img_00472,/mnt/data/optimus_vision_dataset_pipeline/data/raw/images/img_00472.png,val,lab,dim,walk,walk,ann_05,2026-01-03,cam_a,256,256,393.509,False,0.314
img_00473,/mnt/data/optimus_vision_dataset_pipeline/data/raw/images/img_00473.png,train,outdoor_test,bright,inspect,inspect,ann_02,2026-02-25,cam_a,256,256,1305.769,False,0.358
img_00474,/mnt/data/optimus_vision_dataset_pipeline/data/raw/images/img_00474.png,val,warehouse,mixed,lift,lift,ann_04,2026-01-10,cam_c,256,256,1071.173,True,0.258
img_00475,/mnt/data/optimus_vision_dataset_pipeline/data/raw/images/img_00475.png,test,outdoor_test,dim,walk,walk,ann_03,2026-01-09,cam_c,256,256,549.804,False,0.156
img_00476,/mnt/data/optimus_vision_dataset_pipeline/data/raw/images/img_00476.png,train,warehouse,dim,reach,reach,ann_03,2026-02-18,cam_c,256,256,628.304,False,0.169
img_00477,/mnt/data/optimus_vision_dataset_pipeline/data/raw/images/img_00477.png,val,outdoor_test,mixed,lift,lift,ann_02,2026-01-18,cam_a,256,256,1357.922,False,0.274
img_00478,/mnt/data/optimus_vision_dataset_pipeline/data/raw/images/img_00478.png,train,lab,mixed,sit,sit,ann_01,2026-02-19,cam_c,256,256,956.172,True,0.221
img_00479,/mnt/data/optimus_vision_dataset_pipeline/data/raw/images/img_00479.png,val,factory_floor,dim,reach,reach,ann_06,2026-01-10,cam_c,256,256,517.295,False,0.23
img_00480,/mnt/data/optimus_vision_dataset_pipeline/data/raw/images/img_00480.png,train,warehouse,mixed,walk,walk,ann_02,2026-01-20,cam_a,256,256,44.946,False,0.395
img_00481,/mnt/data/optimus_vision_dataset_pipeline/data/raw/images/img_00481.png,train,outdoor_test,bright,sit,sit,ann_05,2026-02-05,cam_b,256,256,1307.397,False,0.152
img_00482,/mnt/data/optimus_vision_dataset_pipeline/data/raw/images/img_00482.png,train,factory_floor,mixed,sit,sit,ann_05,2026-01-13,cam_c,256,256,193.153,False,0.388
img_00483,/mnt/data/optimus_vision_dataset_pipeline/data/raw/images/img_00483.png,train,lab,bright,inspect,inspect,ann_07,2026-01-15,cam_b,256,256,1150.45,True,0.305
img_00484,/mnt/data/optimus_vision_dataset_pipeline/data/raw/images/img_00484.png,test,warehouse,dim,sit,sit,ann_01,2026-01-03,cam_b,256,256,694.913,False,0.143
img_00485,/mnt/data/optimus_vision_dataset_pipeline/data/raw/images/img_00485.png,val,lab,dim,lift,lift,ann_05,2026-01-16,cam_b,256,256,569.916,False,0.086
img_00486,/mnt/data/optimus_vision_dataset_pipeline/data/raw/images/img_00486.png,train,lab,bright,inspect,inspect,ann_05,2026-01-15,cam_c,256,256,734.083,False,0.383
img_00487,/mnt/data/optimus_vision_dataset_pipeline/data/raw/images/img_00487.png,train,lab,dim,lift,lift,ann_07,2026-01-20,cam_c,256,256,465.78,True,0.21
img_00488,/mnt/data/optimus_vision_dataset_pipeline/data/raw/images/img_00488.png,train,lab,dim,inspect,inspect,ann_04,2026-02-25,cam_c,256,256,766.663,False,0.127
img_00489,/mnt/data/optimus_vision_dataset_pipeline/data/raw/images/img_00489.png,test,lab,mixed,lift,lift,ann_03,2026-01-21,cam_c,256,256,783.277,False,0.226
img_00490,/mnt/data/optimus_vision_dataset_pipeline/data/raw/images/img_00490.png,train,warehouse,bright,walk,walk,ann_05,2026-01-29,cam_b,256,256,1106.76,False,0.34
img_00491,/mnt/data/optimus_vision_dataset_pipeline/data/raw/images/img_00491.png,train,factory_floor,bright,reach,reach,ann_04,2026-02-08,cam_a,256,256,972.384,False,0.339
img_00492,/mnt/data/optimus_vision_dataset_pipeline/data/raw/images/img_00492.png,train,factory_floor,mixed,lift,lift,ann_06,2026-01-12,cam_a,256,256,796.245,True,0.345
img_00493,/mnt/data/optimus_vision_dataset_pipeline/data/raw/images/img_00493.png,train,outdoor_test,dim,sit,sit,ann_07,2026-01-15,cam_a,256,256,384.759,False,0.091
img_00494,/mnt/data/optimus_vision_dataset_pipeline/data/raw/images/img_00494.png,val,factory_floor,bright,lift,lift,ann_04,2026-01-28,cam_a,256,256,1074.767,False,0.247
img_00495,/mnt/data/optimus_vision_dataset_pipeline/data/raw/images/img_00495.png,val,warehouse,mixed,sit,sit,ann_01,2026-02-03,cam_c,256,256,1274.877,False,0.214
img_00496,/mnt/data/optimus_vision_dataset_pipeline/data/raw/images/img_00496.png,train,outdoor_test,dim,walk,walk,ann_01,2026-01-13,cam_a,256,256,399.021,False,0.215
img_00497,/mnt/data/optimus_vision_dataset_pipeline/data/raw/images/img_00497.png,train,outdoor_test,dim,reach,reach,ann_03,2026-01-30,cam_b,256,256,412.664,False,0.224
img_00498,/mnt/data/optimus_vision_dataset_pipeline/data/raw/images/img_00498.png,train,warehouse,mixed,sit,sit,ann_08,2026-01-02,cam_c,256,256,1221.255,True,0.279
img_00499,/mnt/data/optimus_vision_dataset_pipeline/data/raw/images/img_00499.png,train,outdoor_test,mixed,lift,lift,ann_03,2026-02-15,cam_c,256,256,1079.427,False,0.111
